HomeTeam,AwayTeam,FTHG,FTAG,FTR,HTHG,HTAG,HTR,HS,AS,HST,AST,HF,AF,HC,AC,HY,AY,HR,AR
Valencia,Getafe,1,0,H,1,0,H,4,22,2,4,24,15,1,9,6,3,1,1
Cadiz,Levante,1,1,D,0,1,A,7,12,2,3,10,16,2,4,1,5,0,0
Mallorca,Betis,1,1,D,1,0,H,6,10,2,1,12,18,4,3,1,3,0,0
Alaves,Real Madrid,1,4,A,0,0,D,11,19,4,7,14,10,0,4,1,2,0,0
Osasuna,Espanol,0,0,D,0,0,D,14,10,1,3,18,12,4,6,3,3,0,0
Celta,Ath Madrid,1,2,A,0,1,A,10,13,2,4,11,9,2,5,4,5,1,1
Barcelona,Sociedad,4,2,H,2,0,H,13,11,8,3,11,18,5,3,2,4,0,0
Sevilla,Vallecano,3,0,H,1,0,H,21,4,8,3,14,7,4,0,1,0,0,1
Villarreal,Granada,0,0,D,0,0,D,14,6,4,1,19,21,6,2,5,1,1,0
Elche,Ath Bilbao,0,0,D,0,0,D,8,9,2,3,13,19,6,8,2,2,0,0
Betis,Cadiz,1,1,D,1,1,D,16,8,7,3,12,10,4,5,4,0,0,0
Alaves,Mallorca,0,1,A,0,0,D,9,12,4,2,14,15,1,8,3,3,1,0
Espanol,Villarreal,0,0,D,0,0,D,14,12,3,2,10,10,9,7,3,4,0,0
Granada,Valencia,1,1,D,1,0,H,9,18,2,7,14,12,2,6,4,2,0,0
Ath Bilbao,Barcelona,1,1,D,0,0,D,16,9,7,3,15,10,13,2,1,2,0,1
Sociedad,Vallecano,1,0,H,0,0,D,13,9,8,1,19,15,5,4,3,4,0,0
Ath Madrid,Elche,1,0,H,1,0,H,8,4,4,2,16,10,2,1,2,2,0,0
Levante,Real Madrid,3,3,D,0,1,A,8,19,4,5,17,7,4,6,3,2,1,0
Getafe,Sevilla,0,1,A,0,0,D,12,9,0,3,18,10,5,4,2,2,0,0
Osasuna,Celta,0,0,D,0,0,D,15,4,7,0,19,8,1,2,4,3,0,0
Mallorca,Espanol,1,0,H,1,0,H,12,8,6,3,16,17,3,2,4,3,0,1
Valencia,Alaves,3,0,H,2,0,H,9,10,4,3,20,15,4,4,1,4,0,0
Celta,Ath Bilbao,0,1,A,0,1,A,13,6,0,2,12,11,5,4,2,1,0,0
Elche,Sevilla,1,1,D,1,1,D,7,18,4,5,6,9,5,3,2,0,0,0
Sociedad,Levante,1,0,H,1,0,H,7,6,2,0,17,13,2,2,1,1,0,0
Betis,Real Madrid,0,1,A,0,0,D,11,13,6,3,15,13,3,7,5,3,0,0
Barcelona,Getafe,2,1,H,2,1,H,7,8,3,3,16,22,3,2,3,1,0,0
Cadiz,Osasuna,2,3,A,1,0,H,7,14,3,4,9,6,4,11,4,0,0,0
Vallecano,Granada,4,0,H,3,0,H,19,9,6,3,19,14,5,6,1,4,0,0
Ath Madrid,Villarreal,2,2,D,0,0,D,24,2,5,2,11,6,16,0,4,2,0,0
Levante,Vallecano,1,1,D,1,0,H,7,22,2,6,14,16,2,5,3,4,0,0
Ath Bilbao,Mallorca,2,0,H,0,0,D,19,7,5,1,7,13,7,2,1,2,0,0
Espanol,Ath Madrid,1,2,A,1,0,H,9,13,3,3,10,11,6,3,1,4,0,0
Osasuna,Valencia,1,4,A,1,1,D,11,10,2,4,20,14,4,4,4,2,0,0
Cadiz,Sociedad,0,2,A,0,0,D,6,16,1,4,10,9,2,8,4,0,1,0
Real Madrid,Celta,5,2,H,1,2,A,15,11,11,4,8,16,7,3,2,3,0,0
Getafe,Elche,0,1,A,0,0,D,10,8,1,3,6,14,8,2,2,3,0,0
Granada,Betis,1,2,A,0,1,A,11,19,2,9,7,14,6,8,1,2,0,0
Celta,Cadiz,1,2,A,0,2,A,14,7,4,3,8,8,7,1,3,3,0,0
Vallecano,Getafe,3,0,H,1,0,H,11,13,5,3,20,16,5,3,6,7,0,0
Ath Madrid,Ath Bilbao,0,0,D,0,0,D,14,6,2,0,10,13,5,5,6,2,1,0
Elche,Levante,1,1,D,1,0,H,9,11,2,6,10,14,4,7,2,2,0,0
Alaves,Osasuna,0,2,A,0,2,A,8,13,3,5,11,14,2,8,4,3,0,0
Mallorca,Villarreal,0,0,D,0,0,D,10,11,1,3,11,16,3,1,2,3,0,0
Sociedad,Sevilla,0,0,D,0,0,D,11,11,4,4,16,11,5,6,2,3,0,0
Betis,Espanol,2,2,D,2,1,H,23,11,9,4,13,9,10,4,4,4,1,0
Valencia,Real Madrid,1,2,A,0,0,D,12,18,4,10,14,14,2,5,1,5,0,0
Barcelona,Granada,1,1,D,0,1,A,17,5,6,2,15,20,12,4,3,6,0,0
Getafe,Ath Madrid,1,2,A,1,0,H,7,12,2,4,15,11,2,5,4,5,1,0
Ath Bilbao,Vallecano,1,2,A,1,1,D,8,8,1,3,16,20,2,1,3,3,0,0
Levante,Celta,0,2,A,0,0,D,6,4,2,2,16,12,2,4,3,2,0,0
Espanol,Alaves,1,0,H,0,0,D,10,8,2,2,14,18,4,8,2,1,0,0
Sevilla,Valencia,3,1,H,3,1,H,11,8,5,3,25,21,1,4,5,3,0,0
Real Madrid,Mallorca,6,1,H,3,1,H,18,17,12,5,18,8,3,2,2,1,0,0
Villarreal,Elche,4,1,H,2,1,H,14,9,9,3,16,11,8,7,1,2,0,0
Granada,Sociedad,2,3,A,1,0,H,10,20,2,11,11,16,4,7,5,1,0,0
Osasuna,Betis,1,3,A,1,1,D,11,16,3,9,18,10,4,7,2,0,0,0
Cadiz,Barcelona,0,0,D,0,0,D,13,6,3,2,16,8,4,5,3,4,0,1
Alaves,Ath Madrid,1,0,H,1,0,H,7,13,1,1,18,11,3,8,2,3,0,0
Valencia,Ath Bilbao,1,1,D,0,0,D,13,12,6,4,14,17,4,5,5,2,1,0
Sevilla,Espanol,2,0,H,1,0,H,12,13,5,2,10,8,4,8,4,0,1,0
Real Madrid,Villarreal,0,0,D,0,0,D,15,6,2,2,10,12,6,3,1,2,0,0
Mallorca,Osasuna,2,3,A,2,1,H,17,12,8,6,8,17,5,5,2,3,0,0
Barcelona,Levante,3,0,H,2,0,H,20,6,12,2,11,16,11,1,1,3,0,0
Sociedad,Elche,1,0,H,0,0,D,17,5,5,2,12,16,6,1,1,3,0,0
Vallecano,Cadiz,3,1,H,2,1,H,13,6,6,1,11,11,4,3,2,4,0,0
Betis,Getafe,2,0,H,1,0,H,20,8,5,3,12,19,3,3,1,3,0,0
Celta,Granada,1,0,H,0,0,D,14,7,5,4,9,12,5,3,2,7,0,0
Ath Bilbao,Alaves,1,0,H,1,0,H,16,17,5,5,16,12,13,9,3,2,0,0
Osasuna,Vallecano,1,0,H,0,0,D,7,7,3,0,19,9,6,3,3,3,0,0
Mallorca,Levante,1,0,H,0,0,D,9,6,7,2,18,25,8,3,4,4,0,0
Cadiz,Valencia,0,0,D,0,0,D,2,16,1,4,16,11,1,3,3,4,0,0
Ath Madrid,Barcelona,2,0,H,2,0,H,6,9,3,2,13,10,2,6,2,1,0,0
Elche,Celta,1,0,H,0,0,D,12,10,5,1,14,19,7,4,4,3,0,0
Espanol,Real Madrid,2,1,H,1,0,H,8,18,4,4,12,13,2,8,2,1,0,0
Getafe,Sociedad,1,1,D,1,0,H,9,10,2,5,16,11,2,5,4,2,0,0
Villarreal,Betis,2,0,H,1,0,H,11,10,5,3,14,9,4,6,2,4,0,0
Granada,Sevilla,1,0,H,1,0,H,3,14,1,3,13,11,2,6,3,4,0,1
Levante,Getafe,0,0,D,0,0,D,6,14,2,4,14,10,3,11,3,3,0,0
Sociedad,Mallorca,1,0,H,0,0,D,10,7,2,1,11,21,2,6,3,3,1,0
Vallecano,Elche,2,1,H,1,1,D,10,7,4,3,16,11,6,2,2,2,0,0
Celta,Sevilla,0,1,A,0,0,D,14,8,3,2,13,9,5,4,2,3,0,0
Villarreal,Osasuna,1,2,A,0,1,A,11,6,6,2,6,14,4,4,1,5,0,0
Barcelona,Valencia,3,1,H,2,1,H,12,9,5,3,16,13,9,3,2,3,0,0
Alaves,Betis,0,1,A,0,0,D,14,19,2,4,8,11,7,7,1,1,0,0
Espanol,Cadiz,2,0,H,1,0,H,14,13,6,2,8,10,7,9,1,0,0,0
Osasuna,Granada,1,1,D,1,0,H,17,9,6,4,15,11,4,1,1,3,1,0
Valencia,Mallorca,2,2,D,0,2,A,20,9,6,4,15,19,5,0,4,5,0,2
Cadiz,Alaves,0,2,A,0,1,A,23,8,4,4,11,14,14,3,0,2,0,0
Elche,Espanol,2,2,D,1,0,H,12,20,7,7,15,9,3,7,3,1,0,0
Ath Bilbao,Villarreal,2,1,H,1,1,D,14,11,7,3,7,12,9,2,0,3,0,0
Sevilla,Levante,5,3,H,3,1,H,18,12,11,7,13,6,10,3,1,2,0,0
Barcelona,Real Madrid,1,2,A,0,1,A,12,10,2,5,17,13,7,4,1,1,0,0
Betis,Vallecano,3,2,H,2,1,H,11,14,5,3,12,12,4,4,1,2,0,0
Ath Madrid,Sociedad,2,2,D,0,1,A,17,8,4,4,14,14,4,3,1,3,0,0
Getafe,Celta,0,3,A,0,0,D,11,16,2,8,15,11,2,7,2,2,2,0
Alaves,Elche,1,0,H,0,0,D,16,4,5,1,13,9,4,7,1,1,0,0
Espanol,Ath Bilbao,1,1,D,1,0,H,14,23,3,7,7,12,8,12,1,2,1,0
Villarreal,Cadiz,3,3,D,1,2,A,14,9,5,4,13,9,8,2,3,6,0,0
Mallorca,Sevilla,1,1,D,1,0,H,11,10,4,3,16,14,4,2,3,6,1,0
Vallecano,Barcelona,1,0,H,1,0,H,13,16,3,1,17,12,3,7,2,2,0,0
Betis,Valencia,4,1,H,2,1,H,14,10,9,4,14,19,4,7,2,5,0,0
Real Madrid,Osasuna,0,0,D,0,0,D,17,7,3,0,12,10,11,3,1,1,0,0
Celta,Sociedad,0,2,A,0,0,D,14,11,6,4,12,11,7,6,1,0,0,0
Granada,Getafe,1,1,D,0,1,A,18,6,3,4,10,15,5,0,1,4,0,0
Levante,Ath Madrid,2,2,D,1,1,D,10,7,3,3,15,11,5,2,3,5,1,0
Elche,Real Madrid,1,2,A,0,1,A,13,17,4,5,11,13,5,4,2,0,1,0
Sevilla,Osasuna,2,0,H,1,0,H,16,10,4,3,17,10,4,5,2,2,0,0
Valencia,Villarreal,2,0,H,1,0,H,9,11,3,1,19,17,7,6,2,4,0,0
Barcelona,Alaves,1,1,D,0,0,D,16,3,5,2,11,11,9,0,0,2,0,0
Cadiz,Mallorca,1,1,D,0,1,A,13,11,2,5,14,16,6,5,3,7,0,2
Ath Madrid,Betis,3,0,H,1,0,H,18,8,9,1,11,12,13,0,0,0,0,0
Getafe,Espanol,2,1,H,1,1,D,12,10,7,3,18,11,6,11,7,4,0,0
Sociedad,Ath Bilbao,1,1,D,0,0,D,8,11,3,5,21,14,2,7,4,3,0,1
Vallecano,Celta,0,0,D,0,0,D,11,10,5,4,13,14,4,7,2,5,0,0
Levante,Granada,0,3,A,0,2,A,12,12,3,6,14,13,3,5,4,2,0,0
Ath Bilbao,Cadiz,0,1,A,0,1,A,15,8,5,4,14,19,5,1,2,1,0,0
Espanol,Granada,2,0,H,2,0,H,17,18,6,5,12,8,5,3,1,1,0,0
Celta,Barcelona,3,3,D,0,3,A,18,10,4,6,18,18,3,1,3,6,0,0
Alaves,Levante,2,1,H,0,1,A,10,12,3,7,21,17,1,3,3,3,0,0
Real Madrid,Vallecano,2,1,H,2,0,H,15,19,7,7,8,14,4,5,1,2,0,0
Villarreal,Getafe,1,0,H,1,0,H,10,5,4,2,12,13,6,4,1,1,0,0
Valencia,Ath Madrid,3,3,D,0,1,A,11,13,5,7,12,17,9,0,2,2,0,0
Mallorca,Elche,2,2,D,0,0,D,18,7,6,2,11,19,3,3,2,3,0,0
Osasuna,Sociedad,0,2,A,0,0,D,6,9,2,4,11,12,5,2,0,2,0,0
Betis,Sevilla,0,2,A,0,0,D,8,11,1,2,12,13,2,1,3,1,1,0
Levante,Ath Bilbao,0,0,D,0,0,D,15,7,2,2,16,7,6,3,2,1,0,0
Celta,Villarreal,1,1,D,0,1,A,12,18,3,6,14,17,3,5,1,1,0,0
Sevilla,Alaves,2,2,D,1,2,A,16,8,6,3,14,17,5,2,4,4,0,0
Ath Madrid,Osasuna,1,0,H,0,0,D,15,9,2,3,7,8,7,4,2,2,0,0
Barcelona,Espanol,1,0,H,0,0,D,16,12,6,2,17,9,4,4,4,2,0,0
Getafe,Cadiz,4,0,H,1,0,H,17,10,8,2,14,7,3,7,2,4,0,0
Granada,Real Madrid,1,4,A,1,2,A,11,21,3,10,10,7,9,6,1,1,1,0
Elche,Betis,0,3,A,0,3,A,14,9,4,4,12,14,10,1,1,2,0,1
Sociedad,Valencia,0,0,D,0,0,D,9,8,2,3,11,16,2,4,4,7,1,0
Vallecano,Mallorca,3,1,H,2,0,H,15,11,6,5,14,17,6,4,3,2,0,0
Ath Bilbao,Granada,2,2,D,1,2,A,17,8,5,4,12,9,8,3,1,1,1,0
Alaves,Celta,1,2,A,1,1,D,13,8,5,5,12,15,5,3,3,2,0,0
Valencia,Vallecano,1,1,D,1,0,H,8,12,4,6,18,15,3,9,6,5,0,0
Mallorca,Getafe,0,0,D,0,0,D,12,11,2,0,8,19,2,0,3,0,0,0
Villarreal,Barcelona,1,3,A,0,0,D,14,12,2,6,19,14,4,4,2,2,0,0
Betis,Levante,3,1,H,0,1,A,26,8,8,2,16,9,5,8,2,3,0,0
Espanol,Sociedad,1,0,H,0,0,D,8,10,2,4,15,7,2,9,1,1,0,0
Cadiz,Ath Madrid,1,4,A,0,0,D,8,17,0,7,13,11,4,8,2,0,0,0
Real Madrid,Sevilla,2,1,H,1,1,D,14,11,4,6,10,9,0,4,3,3,0,0
Osasuna,Elche,1,1,D,1,1,D,17,10,4,4,16,12,5,4,1,3,0,0
Real Madrid,Ath Bilbao,1,0,H,1,0,H,17,18,7,2,12,13,7,6,2,3,0,0
Granada,Alaves,2,1,H,1,0,H,9,14,2,2,17,15,3,5,2,2,0,0
Sevilla,Villarreal,1,0,H,1,0,H,8,16,3,2,9,10,5,8,2,2,0,0
Barcelona,Betis,0,1,A,0,0,D,12,8,3,2,17,12,6,1,1,2,0,0
Ath Madrid,Mallorca,1,2,A,0,0,D,14,10,6,3,13,16,8,5,2,5,0,0
Sociedad,Real Madrid,0,2,A,0,0,D,11,13,0,8,12,8,5,5,2,0,0,0
Vallecano,Espanol,1,0,H,0,0,D,7,10,0,3,18,11,6,3,3,3,0,1
Elche,Cadiz,3,1,H,1,0,H,8,15,3,6,16,15,3,3,7,3,0,0
Levante,Osasuna,0,0,D,0,0,D,11,11,3,1,12,16,7,2,2,3,0,0
Celta,Valencia,1,2,A,1,1,D,11,8,5,5,10,22,6,4,3,2,0,0
Getafe,Ath Bilbao,0,0,D,0,0,D,17,9,5,3,14,14,5,3,2,1,0,0
Mallorca,Celta,0,0,D,0,0,D,12,14,1,5,14,11,7,4,3,2,0,0
Espanol,Levante,4,3,H,1,2,A,17,14,8,5,9,15,4,2,4,4,0,1
Alaves,Getafe,1,1,D,0,1,A,9,11,1,2,18,15,1,1,4,4,1,0
Valencia,Elche,2,1,H,1,0,H,21,8,8,4,15,12,8,1,3,2,0,0
Ath Bilbao,Sevilla,0,1,A,0,1,A,13,6,2,1,17,10,9,2,4,3,0,0
Villarreal,Vallecano,2,0,H,2,0,H,13,19,5,7,16,14,5,6,1,3,0,0
Osasuna,Barcelona,2,2,D,1,1,D,8,10,3,2,16,16,6,5,5,4,0,0
Betis,Sociedad,4,0,H,1,0,H,11,15,5,5,12,10,4,7,3,1,0,0
Real Madrid,Ath Madrid,2,0,H,1,0,H,7,9,3,6,17,15,3,6,2,3,0,0
Cadiz,Granada,1,1,D,1,0,H,13,16,3,5,14,10,8,1,5,0,1,0
Celta,Espanol,3,1,H,1,0,H,12,6,5,3,13,5,3,3,2,1,0,0
Vallecano,Alaves,2,0,H,2,0,H,20,6,5,4,12,19,5,5,1,2,0,0
Sociedad,Villarreal,1,3,A,1,1,D,8,15,4,8,9,15,5,5,2,3,1,0
Barcelona,Elche,3,2,H,2,0,H,19,5,8,3,13,17,5,0,1,3,0,0
Sevilla,Ath Madrid,2,1,H,1,1,D,6,15,2,3,15,14,4,7,2,1,0,0
Granada,Mallorca,4,1,H,1,1,D,15,8,6,5,12,15,4,2,3,2,0,0
Ath Bilbao,Betis,3,2,H,1,1,D,9,16,6,8,7,12,5,6,1,3,0,0
Getafe,Osasuna,1,0,H,0,0,D,18,11,4,2,14,8,4,3,3,1,0,0
Real Madrid,Cadiz,0,0,D,0,0,D,36,4,9,0,9,10,13,2,1,1,0,0
Levante,Valencia,3,4,A,2,1,H,15,15,9,8,21,11,6,4,3,4,0,0
Villarreal,Alaves,5,2,H,2,1,H,24,4,10,2,16,14,6,2,0,2,0,0
Sevilla,Barcelona,1,1,D,1,1,D,5,23,1,7,15,13,4,9,2,3,1,0
Granada,Ath Madrid,2,1,H,1,1,D,6,15,4,3,17,7,2,7,4,1,0,0
Ath Bilbao,Real Madrid,1,2,A,1,2,A,15,12,2,7,17,7,7,0,2,2,0,0
Valencia,Espanol,1,2,A,0,0,D,12,15,2,4,19,14,7,5,7,3,1,0
Getafe,Real Madrid,1,0,H,1,0,H,6,14,3,4,20,8,2,9,3,2,0,0
Ath Madrid,Vallecano,2,0,H,1,0,H,15,5,5,0,14,12,8,2,3,0,0,0
Elche,Granada,0,0,D,0,0,D,18,10,2,5,18,15,6,3,3,3,1,0
Alaves,Sociedad,1,1,D,0,1,A,19,10,5,4,22,10,2,3,3,3,0,0
Betis,Celta,0,2,A,0,2,A,18,7,7,5,15,11,3,3,1,2,0,0
Mallorca,Barcelona,0,1,A,0,1,A,13,13,3,4,22,24,4,3,5,2,0,0
Villarreal,Levante,5,0,H,3,0,H,17,7,7,3,12,9,6,5,3,2,0,0
Osasuna,Ath Bilbao,1,3,A,1,2,A,15,17,4,5,12,7,4,5,5,2,1,0
Cadiz,Sevilla,0,1,A,0,0,D,9,14,2,4,5,9,2,8,0,1,0,0
Levante,Mallorca,2,0,H,0,0,D,16,15,8,8,20,11,5,5,3,1,1,0
Sociedad,Celta,1,0,H,1,0,H,12,4,3,0,10,18,6,4,3,3,0,0
Granada,Barcelona,1,1,D,0,0,D,14,13,4,1,9,21,3,2,2,5,0,1
Real Madrid,Valencia,4,1,H,1,0,H,23,12,8,7,15,24,3,8,3,3,0,0
Vallecano,Betis,1,1,D,0,1,A,17,9,7,5,18,13,6,4,1,3,0,1
Sevilla,Getafe,1,0,H,1,0,H,10,4,1,2,8,20,5,2,1,3,0,0
Alaves,Ath Bilbao,0,0,D,0,0,D,12,10,1,2,15,11,7,5,2,0,0,0
Osasuna,Cadiz,2,0,H,1,0,H,15,6,5,1,13,13,5,7,2,2,0,0
Villarreal,Ath Madrid,2,2,D,1,1,D,13,7,3,5,13,8,7,3,0,2,0,1
Espanol,Elche,1,2,A,1,2,A,8,3,3,2,13,18,13,0,4,6,0,0
Elche,Villarreal,1,0,H,0,0,D,5,9,2,4,12,15,3,8,4,3,0,0
Betis,Alaves,4,0,H,3,0,H,18,9,5,2,14,14,8,3,2,0,0,0
Cadiz,Espanol,2,2,D,0,1,A,10,14,4,7,14,9,3,2,5,1,0,0
Celta,Osasuna,2,0,H,2,0,H,5,9,3,0,14,11,0,5,1,2,0,0
Valencia,Sevilla,1,1,D,1,1,D,10,12,2,3,22,14,4,4,3,3,1,0
Getafe,Granada,4,2,H,1,1,D,12,7,4,4,15,10,4,8,3,4,0,0
Espanol,Betis,1,4,A,1,2,A,12,15,4,8,15,12,6,5,3,4,1,0
Levante,Cadiz,0,2,A,0,1,A,15,8,8,2,15,16,8,2,4,6,0,0
Villarreal,Mallorca,3,0,H,2,0,H,12,8,6,2,13,12,10,6,1,2,0,1
Sevilla,Celta,2,2,D,0,2,A,16,6,5,4,11,16,7,0,1,4,0,0
Ath Madrid,Valencia,3,2,H,0,2,A,16,7,6,3,13,22,5,4,5,6,0,0
Granada,Osasuna,0,2,A,0,0,D,6,16,2,7,12,15,4,3,0,2,0,0
Real Madrid,Elche,2,2,D,0,1,A,23,3,8,2,11,14,10,3,3,1,0,0
Sociedad,Getafe,0,0,D,0,0,D,9,9,3,2,17,13,7,2,1,1,0,0
Vallecano,Ath Bilbao,0,1,A,0,1,A,29,9,3,3,8,20,9,7,1,6,0,0
Alaves,Barcelona,0,1,A,0,0,D,6,10,2,4,16,8,1,10,0,0,0,0
Getafe,Levante,3,0,H,2,0,H,14,11,8,2,12,13,2,8,4,3,0,0
Elche,Alaves,3,1,H,0,1,A,14,6,4,2,15,11,7,3,1,1,0,0
Mallorca,Cadiz,2,1,H,1,1,D,17,12,5,5,14,15,6,4,2,4,0,0
Celta,Vallecano,2,0,H,1,0,H,13,11,3,0,17,17,7,2,0,2,0,0
Osasuna,Sevilla,0,0,D,0,0,D,9,9,3,4,13,7,1,1,1,1,0,0
Valencia,Sociedad,0,0,D,0,0,D,14,8,3,2,17,14,9,9,4,2,0,0
Barcelona,Ath Madrid,4,2,H,3,1,H,9,10,4,4,15,13,3,5,2,2,1,0
Betis,Villarreal,0,2,A,0,1,A,9,9,3,3,19,14,6,6,2,3,0,0
Real Madrid,Granada,1,0,H,0,0,D,24,7,11,3,9,11,9,2,2,1,0,0
Ath Bilbao,Espanol,2,1,H,2,1,H,7,7,4,3,17,11,5,3,3,3,0,0
Sevilla,Elche,2,0,H,0,0,D,14,7,6,1,13,14,5,4,1,5,0,0
Cadiz,Celta,0,0,D,0,0,D,8,6,2,1,12,19,3,3,3,2,0,0
Villarreal,Real Madrid,0,0,D,0,0,D,9,17,2,6,11,10,3,3,2,4,0,0
Vallecano,Osasuna,0,3,A,0,2,A,10,12,3,5,11,16,4,5,2,1,0,0
Ath Madrid,Getafe,4,3,H,3,3,D,11,10,7,4,18,17,5,4,3,4,1,0
Alaves,Valencia,2,1,H,1,0,H,9,9,5,4,15,17,5,9,4,3,0,0
Levante,Betis,2,4,A,1,3,A,12,19,4,11,13,8,5,7,1,2,1,0
Sociedad,Granada,2,0,H,1,0,H,18,15,8,2,13,13,6,5,0,2,0,0
Espanol,Barcelona,2,2,D,1,1,D,10,12,4,4,14,13,3,5,5,4,1,1
Mallorca,Ath Bilbao,3,2,H,2,0,H,16,7,5,2,22,15,6,6,6,4,0,0
Ath Madrid,Levante,0,1,A,0,0,D,10,8,1,5,9,19,5,3,3,4,0,0
Elche,Vallecano,2,1,H,0,0,D,9,13,5,2,18,15,2,3,2,4,0,0
Granada,Villarreal,1,4,A,0,2,A,20,15,5,7,15,10,9,2,3,6,0,0
Osasuna,Ath Madrid,0,3,A,0,1,A,14,5,4,4,12,19,4,2,1,2,0,0
Cadiz,Getafe,1,1,D,1,1,D,9,6,2,1,17,11,7,2,3,4,0,0
Real Madrid,Alaves,3,0,H,0,0,D,22,7,9,2,6,11,7,1,1,1,0,0
Espanol,Sevilla,1,1,D,0,1,A,11,7,4,2,14,14,3,7,4,5,0,1
Valencia,Barcelona,1,4,A,0,3,A,11,6,5,6,22,16,8,3,3,4,0,0
Betis,Mallorca,2,1,H,1,0,H,14,10,5,1,13,17,4,7,3,2,0,0
Ath Bilbao,Sociedad,4,0,H,0,0,D,18,9,8,2,9,9,6,4,4,1,0,0
Celta,Levante,1,1,D,0,0,D,8,13,4,3,15,16,2,5,3,5,0,0
Levante,Elche,3,0,H,1,0,H,11,8,4,3,17,8,3,3,1,2,0,1
Mallorca,Valencia,0,1,A,0,1,A,23,8,3,4,14,21,14,1,4,6,0,1
Getafe,Alaves,2,2,D,0,1,A,12,7,3,3,7,24,6,1,2,4,1,0
Vallecano,Real Madrid,0,1,A,0,0,D,19,13,5,6,20,5,5,9,5,3,0,0
Ath Madrid,Celta,2,0,H,1,0,H,13,16,6,2,10,7,5,9,4,3,0,0
Villarreal,Espanol,5,1,H,3,0,H,19,7,11,2,11,12,10,3,2,1,0,0
Sevilla,Betis,2,1,H,2,0,H,12,10,3,2,13,16,4,4,6,3,0,0
Sociedad,Osasuna,1,0,H,0,0,D,11,11,5,1,10,9,6,5,0,4,0,0
Barcelona,Ath Bilbao,4,0,H,1,0,H,17,6,7,3,8,10,5,0,2,1,0,0
Granada,Cadiz,0,0,D,0,0,D,6,12,1,4,12,17,0,4,3,3,1,0
Mallorca,Sociedad,0,2,A,0,1,A,13,13,1,3,12,9,3,4,0,2,0,0
Alaves,Sevilla,0,0,D,0,0,D,14,13,2,4,16,8,5,5,3,1,0,0
Osasuna,Villarreal,1,0,H,0,0,D,12,10,3,1,12,6,6,8,1,0,0,0
Espanol,Getafe,2,0,H,2,0,H,4,12,1,3,17,15,1,5,6,5,0,0
Valencia,Granada,3,1,H,0,0,D,12,7,4,0,14,13,3,6,3,3,0,0
Real Madrid,Sociedad,4,1,H,2,1,H,18,1,8,1,12,14,7,1,0,2,0,0
Cadiz,Vallecano,2,0,H,0,0,D,13,14,7,3,23,15,5,6,5,3,0,0
Elche,Barcelona,1,2,A,1,0,H,13,20,3,9,10,8,5,6,2,6,1,0
Celta,Mallorca,4,3,H,2,1,H,16,12,8,3,17,9,4,5,5,4,1,0
Betis,Ath Madrid,1,3,A,1,1,D,18,8,6,6,16,10,10,3,5,3,0,0
Ath Bilbao,Levante,3,1,H,0,0,D,17,5,9,2,6,14,4,3,1,2,0,0
Ath Madrid,Cadiz,2,1,H,1,1,D,6,14,5,3,23,14,0,4,4,1,1,0
Levante,Espanol,1,1,D,0,0,D,14,6,3,1,17,10,8,2,4,4,0,0
Granada,Elche,0,1,A,0,1,A,15,13,4,2,15,16,3,3,3,6,0,0
Villarreal,Celta,1,0,H,0,0,D,10,12,3,2,12,14,5,6,1,1,0,0
Getafe,Valencia,0,0,D,0,0,D,16,6,6,0,18,21,5,3,6,5,0,0
Vallecano,Sevilla,1,1,D,0,0,D,10,3,2,2,16,15,5,6,0,1,0,0
Betis,Ath Bilbao,1,0,H,1,0,H,8,11,5,2,17,12,5,6,4,5,1,0
Sociedad,Alaves,1,0,H,0,0,D,15,13,6,4,15,12,6,4,1,1,0,0
Barcelona,Osasuna,4,0,H,3,0,H,24,4,9,3,7,4,5,1,0,4,0,0
Mallorca,Real Madrid,0,3,A,0,0,D,14,11,3,5,13,15,1,6,3,3,0,0
Ath Bilbao,Getafe,1,1,D,1,1,D,22,7,11,2,15,13,8,2,4,5,0,2
Alaves,Granada,2,3,A,0,0,D,11,12,6,3,12,10,6,2,4,6,0,1
Elche,Valencia,0,1,A,0,0,D,8,8,2,3,19,14,4,2,3,3,1,0
Osasuna,Levante,3,1,H,1,0,H,20,13,7,4,9,17,6,1,0,1,0,0
Vallecano,Ath Madrid,0,1,A,0,0,D,15,11,3,3,15,12,3,6,0,0,0,1
Espanol,Mallorca,1,0,H,1,0,H,12,9,3,3,14,12,6,6,3,3,0,0
Cadiz,Villarreal,1,0,H,0,0,D,16,3,7,1,11,11,6,3,3,2,0,0
Celta,Betis,0,0,D,0,0,D,9,7,3,1,12,12,2,2,1,2,0,0
Sevilla,Sociedad,0,0,D,0,0,D,10,13,0,2,12,13,7,3,0,3,0,0
Real Madrid,Barcelona,0,4,A,0,2,A,14,18,4,10,9,12,4,3,4,4,0,0
Getafe,Mallorca,1,0,H,0,0,D,16,7,3,1,15,22,5,1,5,6,0,1
Levante,Villarreal,2,0,H,0,0,D,13,13,4,2,16,13,1,8,4,2,0,0
Celta,Real Madrid,1,2,A,0,1,A,10,12,4,6,16,12,9,3,3,0,0,0
Ath Madrid,Alaves,4,1,H,1,0,H,14,7,8,1,10,13,8,2,1,0,0,0
Ath Bilbao,Elche,2,1,H,1,0,H,16,6,6,2,14,16,7,4,2,4,0,0
Betis,Osasuna,4,1,H,2,0,H,24,10,8,3,11,5,11,7,1,3,0,0
Granada,Vallecano,2,2,D,0,2,A,17,10,9,4,14,14,5,4,4,5,0,1
Valencia,Cadiz,0,0,D,0,0,D,5,4,1,3,11,18,4,3,3,6,0,1
Barcelona,Sevilla,1,0,H,0,0,D,19,8,6,3,12,8,9,2,3,3,0,0
Sociedad,Espanol,1,0,H,0,0,D,17,8,6,2,17,13,6,0,2,4,0,0
Sevilla,Granada,4,2,H,1,1,D,16,15,8,5,7,7,14,3,2,2,0,0
Cadiz,Betis,1,2,A,0,0,D,10,10,4,3,18,10,8,4,1,2,0,0
Mallorca,Ath Madrid,1,0,H,0,0,D,10,9,3,1,14,11,1,6,1,4,0,0
Villarreal,Ath Bilbao,1,1,D,0,1,A,11,12,5,6,17,15,7,2,2,3,0,0
Real Madrid,Getafe,2,0,H,1,0,H,26,8,8,0,13,11,10,2,2,2,0,0
Osasuna,Alaves,1,0,H,0,0,D,15,8,4,2,12,6,7,3,3,1,0,0
Espanol,Celta,1,0,H,0,0,D,11,10,2,5,12,21,2,3,4,1,0,0
Elche,Sociedad,1,2,A,1,2,A,10,17,1,6,15,12,8,9,3,3,0,0
Levante,Barcelona,2,3,A,0,0,D,11,14,6,7,8,7,4,3,1,1,0,0
Vallecano,Valencia,1,1,D,0,0,D,11,6,4,2,13,17,5,4,3,4,0,0
Sociedad,Betis,0,0,D,0,0,D,9,9,2,2,17,7,8,1,4,4,1,0
Elche,Mallorca,3,0,H,1,0,H,6,13,2,2,17,13,2,1,2,3,0,0
Alaves,Vallecano,1,0,H,0,0,D,11,20,5,3,10,9,2,12,2,3,0,1
Valencia,Osasuna,1,2,A,0,0,D,11,9,4,3,11,22,9,5,1,2,0,0
Getafe,Villarreal,1,2,A,0,2,A,12,11,5,6,17,6,6,6,2,0,0,0
Granada,Levante,1,4,A,0,1,A,16,17,4,8,10,9,13,2,5,2,1,0
Ath Madrid,Espanol,2,1,H,0,0,D,10,11,3,5,18,12,6,3,5,5,1,0
Ath Bilbao,Celta,0,2,A,0,2,A,10,6,2,4,13,15,5,4,2,2,0,0
Sevilla,Real Madrid,2,3,A,2,0,H,7,15,2,6,11,9,0,3,3,4,0,0
Barcelona,Cadiz,0,1,A,0,0,D,18,6,6,4,16,9,8,1,4,1,0,0
Mallorca,Alaves,2,1,H,2,0,H,5,12,3,4,25,15,0,6,2,6,0,0
Betis,Elche,0,1,A,0,0,D,18,9,3,1,9,14,2,3,2,3,1,0
Villarreal,Valencia,2,0,H,2,0,H,12,5,5,1,14,12,3,2,2,3,0,0
Ath Madrid,Granada,0,0,D,0,0,D,22,7,1,2,9,12,11,1,4,5,0,0
Celta,Getafe,0,2,A,0,1,A,9,6,2,3,13,13,2,1,2,5,0,0
Osasuna,Real Madrid,1,3,A,1,2,A,12,23,3,11,13,7,3,4,1,3,0,0
Espanol,Vallecano,0,1,A,0,1,A,6,13,2,2,14,18,3,10,4,4,0,0
Levante,Sevilla,2,3,A,1,2,A,15,13,6,6,9,12,10,4,1,5,0,0
Cadiz,Ath Bilbao,2,3,A,0,3,A,27,9,8,7,9,15,4,1,3,5,0,1
Sociedad,Barcelona,0,1,A,0,1,A,8,11,5,1,12,9,5,3,1,2,0,0
Barcelona,Vallecano,0,1,A,0,1,A,18,3,5,1,10,1,9,1,4,6,0,0
Sevilla,Cadiz,1,1,D,1,0,H,11,10,6,4,15,11,5,6,2,2,0,0
Alaves,Villarreal,2,1,H,2,0,H,11,16,5,6,14,5,5,8,5,2,0,0
Real Madrid,Espanol,4,0,H,2,0,H,11,20,5,6,11,6,6,8,2,0,0,0
Valencia,Levante,1,1,D,1,0,H,6,24,1,6,11,21,1,7,4,3,1,0
Ath Bilbao,Ath Madrid,2,0,H,1,0,H,11,9,4,3,18,15,5,3,3,3,0,0
Elche,Osasuna,1,1,D,0,0,D,11,9,4,3,13,18,7,4,4,2,0,0
Granada,Celta,1,1,D,0,0,D,15,13,6,6,11,13,5,4,1,3,0,0
Vallecano,Sociedad,1,1,D,0,1,A,13,8,7,3,15,7,8,5,2,1,0,0
Barcelona,Mallorca,2,1,H,1,0,H,17,6,5,2,13,12,5,2,2,3,0,0
Getafe,Betis,0,0,D,0,0,D,13,9,2,4,13,13,2,4,1,1,0,0
Levante,Sociedad,2,1,H,0,0,D,16,21,7,6,10,11,7,6,2,3,0,0
Mallorca,Granada,2,6,A,1,1,D,18,14,8,7,11,13,5,5,3,2,0,0
Ath Bilbao,Valencia,0,0,D,0,0,D,10,4,5,1,13,22,4,2,4,4,0,1
Cadiz,Elche,3,0,H,0,0,D,17,4,7,2,18,13,8,1,1,0,0,1
Celta,Alaves,4,0,H,2,0,H,15,3,7,1,7,7,7,1,1,3,0,1
Betis,Barcelona,1,2,A,0,0,D,14,11,5,5,16,18,4,8,1,2,0,0
Getafe,Vallecano,0,0,D,0,0,D,12,12,6,1,20,14,4,5,3,4,0,0
Villarreal,Sevilla,1,1,D,0,0,D,14,7,6,2,14,15,4,2,3,0,0,0
Espanol,Osasuna,1,1,D,0,1,A,12,12,3,5,6,15,6,6,1,3,0,0
Ath Madrid,Real Madrid,1,0,H,1,0,H,16,15,2,6,17,7,4,6,2,4,0,0
Valencia,Betis,0,3,A,0,0,D,19,9,5,5,17,11,7,3,1,3,0,0
Granada,Ath Bilbao,1,0,H,1,0,H,12,8,2,1,20,11,2,7,4,2,0,1
Barcelona,Celta,3,1,H,2,0,H,10,13,4,5,18,6,2,8,3,0,0,1
Alaves,Espanol,2,1,H,1,1,D,27,5,9,3,11,15,12,3,3,3,0,1
Osasuna,Getafe,1,1,D,1,1,D,12,6,1,0,10,17,7,2,2,4,0,1
Sevilla,Mallorca,0,0,D,0,0,D,18,10,4,2,11,18,6,3,4,6,0,0
Elche,Ath Madrid,0,2,A,0,1,A,9,11,0,6,16,7,6,3,2,2,0,0
Sociedad,Cadiz,3,0,H,1,0,H,13,14,7,1,13,11,2,12,4,2,0,0
Vallecano,Villarreal,1,5,A,1,4,A,17,11,3,8,13,10,9,3,5,2,0,0
Real Madrid,Levante,6,0,H,4,0,H,27,16,16,1,8,6,6,6,2,1,0,0
Espanol,Valencia,1,1,D,1,1,D,5,18,3,5,18,15,2,3,4,1,0,0
Ath Bilbao,Osasuna,2,0,H,1,0,H,14,8,8,1,6,14,10,6,0,0,0,0
Ath Madrid,Sevilla,1,1,D,1,0,H,12,8,3,4,14,18,4,5,2,5,0,0
Betis,Granada,2,0,H,1,0,H,11,14,4,4,11,17,4,9,0,1,0,0
Cadiz,Real Madrid,1,1,D,1,1,D,21,16,7,7,13,11,10,2,7,2,0,0
Celta,Elche,1,0,H,1,0,H,14,10,5,1,11,12,7,5,2,2,0,0
Getafe,Barcelona,0,0,D,0,0,D,9,5,3,1,9,8,5,5,1,2,0,0
Levante,Alaves,3,1,H,0,1,A,15,6,5,2,19,10,3,4,8,6,0,0
Mallorca,Vallecano,2,1,H,1,0,H,12,11,5,4,13,8,5,3,1,0,0,0
Villarreal,Sociedad,1,2,A,1,0,H,10,11,4,6,12,16,4,3,4,2,0,0
Real Madrid,Betis,0,0,D,0,0,D,17,11,3,2,7,12,8,5,0,0,0,0
Vallecano,Levante,2,4,A,1,3,A,19,14,8,7,8,12,7,3,0,3,0,0
Valencia,Celta,2,0,H,1,0,H,10,9,3,3,22,19,3,3,3,3,0,0
Elche,Getafe,3,1,H,1,1,D,19,7,9,2,11,9,8,3,2,2,0,0
Alaves,Cadiz,0,1,A,0,0,D,9,13,2,6,11,13,4,4,0,1,0,0
Granada,Espanol,0,0,D,0,0,D,15,10,5,5,9,12,7,3,1,0,0,0
Osasuna,Mallorca,0,2,A,0,0,D,11,14,1,6,8,14,5,7,2,2,0,0
Barcelona,Villarreal,0,2,A,0,1,A,14,4,3,3,12,7,12,1,3,1,0,0
Sevilla,Ath Bilbao,1,0,H,0,0,D,13,9,3,1,13,12,5,0,3,3,0,0
Sociedad,Ath Madrid,1,2,A,0,0,D,12,6,3,5,16,11,3,2,4,2,0,0
Osasuna,Sevilla,2,1,H,1,1,D,12,10,5,3,16,9,5,2,5,3,0,0
Celta,Espanol,2,2,D,1,0,H,8,10,3,2,17,15,3,3,5,2,0,0
Valladolid,Villarreal,0,3,A,0,0,D,12,10,6,4,6,10,4,5,1,0,0,0
Barcelona,Vallecano,0,0,D,0,0,D,21,4,6,2,16,14,8,0,3,6,1,0
Cadiz,Sociedad,0,1,A,0,1,A,7,15,2,7,9,20,3,6,4,2,0,0
Valencia,Girona,1,0,H,1,0,H,17,5,2,1,18,14,4,4,2,3,1,0
Almeria,Real Madrid,1,2,A,1,0,H,10,29,6,15,11,4,2,15,3,1,0,0
Ath Bilbao,Mallorca,0,0,D,0,0,D,23,6,6,2,13,12,7,2,0,6,0,0
Getafe,Ath Madrid,0,3,A,0,1,A,10,12,0,5,14,19,3,6,2,1,0,0
Betis,Elche,3,0,H,2,0,H,17,4,8,2,10,18,8,4,3,6,0,1
Espanol,Vallecano,0,2,A,0,1,A,13,8,1,3,12,17,9,2,2,5,1,1
Sevilla,Valladolid,1,1,D,0,0,D,18,6,2,3,20,10,12,2,3,2,1,1
Osasuna,Cadiz,2,0,H,1,0,H,16,9,3,2,11,13,2,2,2,5,0,1
Mallorca,Betis,1,2,A,0,1,A,13,8,7,3,22,17,5,2,7,8,0,0
Celta,Real Madrid,1,4,A,1,2,A,15,16,2,7,12,8,2,2,2,2,0,0
Ath Bilbao,Valencia,1,0,H,1,0,H,12,10,2,0,11,15,6,3,5,2,0,0
Ath Madrid,Villarreal,0,2,A,0,0,D,13,19,5,5,8,11,5,6,2,3,1,0
Sociedad,Barcelona,1,4,A,1,1,D,10,15,5,7,16,9,3,6,2,1,0,0
Elche,Almeria,1,1,D,1,1,D,13,12,3,7,12,16,6,5,1,4,0,1
Girona,Getafe,3,1,H,1,0,H,12,7,6,3,16,18,5,2,3,6,0,1
Girona,Celta,0,1,A,0,0,D,11,11,3,6,16,13,2,4,2,1,0,0
Betis,Osasuna,1,0,H,1,0,H,7,12,1,2,9,21,2,4,0,3,1,0
Elche,Sociedad,0,1,A,0,1,A,12,9,5,5,13,18,4,6,3,3,0,0
Vallecano,Mallorca,0,2,A,0,1,A,15,9,0,4,11,18,7,3,1,3,0,0
Almeria,Sevilla,2,1,H,1,1,D,11,13,5,5,18,11,5,2,5,8,0,0
Getafe,Villarreal,0,0,D,0,0,D,8,11,2,6,11,19,1,4,1,5,0,0
Barcelona,Valladolid,4,0,H,2,0,H,24,8,9,3,9,8,14,4,0,3,0,0
Espanol,Real Madrid,1,3,A,1,1,D,15,19,4,6,15,12,7,7,0,0,1,0
Cadiz,Ath Bilbao,0,4,A,0,1,A,9,20,3,8,18,4,0,6,2,1,0,0
Valencia,Ath Madrid,0,1,A,0,0,D,12,13,2,7,15,17,6,2,4,3,0,0
Celta,Cadiz,3,0,H,0,0,D,9,7,5,0,13,23,2,2,1,2,0,0
Mallorca,Girona,1,1,D,0,0,D,10,10,4,4,23,9,6,3,4,2,0,0
Real Madrid,Betis,2,1,H,1,1,D,22,8,4,4,8,12,9,2,0,1,0,0
Sociedad,Ath Madrid,1,1,D,0,1,A,12,15,5,7,18,13,7,7,5,4,0,0
Sevilla,Barcelona,0,3,A,0,2,A,9,18,4,7,15,14,4,4,2,4,0,0
Osasuna,Vallecano,2,1,H,0,0,D,13,5,6,3,14,16,4,0,2,2,0,0
Ath Bilbao,Espanol,0,1,A,0,0,D,17,9,2,2,12,12,4,2,3,2,0,0
Villarreal,Elche,4,0,H,2,0,H,18,7,10,0,10,9,6,4,1,3,0,0
Valencia,Getafe,5,1,H,3,0,H,24,7,9,4,11,21,9,1,3,6,1,1
Valladolid,Almeria,1,0,H,0,0,D,14,12,6,1,11,20,2,8,1,6,0,0
Girona,Valladolid,2,1,H,1,1,D,14,14,5,4,11,15,3,12,0,2,0,0
Vallecano,Valencia,2,1,H,1,0,H,14,17,6,4,22,11,7,7,5,2,0,0
Espanol,Sevilla,2,3,A,1,3,A,19,11,5,7,11,14,9,3,3,5,0,1
Cadiz,Barcelona,0,4,A,0,0,D,6,16,0,8,12,13,5,6,1,2,0,0
Ath Madrid,Celta,4,1,H,1,0,H,10,14,4,3,11,6,4,7,2,3,0,0
Real Madrid,Mallorca,4,1,H,1,1,D,22,5,7,2,7,15,4,3,3,5,0,0
Elche,Ath Bilbao,1,4,A,0,4,A,9,16,2,8,15,9,5,5,3,0,0,0
Getafe,Sociedad,2,1,H,1,0,H,8,13,3,6,9,16,3,7,4,1,0,0
Betis,Villarreal,1,0,H,0,0,D,16,14,5,3,11,14,9,8,1,1,0,0
Almeria,Osasuna,0,1,A,0,1,A,7,15,2,4,4,9,5,10,0,2,0,0
Valladolid,Cadiz,0,1,A,0,0,D,18,7,6,1,12,19,8,2,1,4,0,0
Mallorca,Almeria,1,0,H,1,0,H,5,9,2,3,15,14,5,2,3,6,0,0
Barcelona,Elche,3,0,H,2,0,H,25,1,9,1,11,9,6,0,2,2,0,1
Valencia,Celta,3,0,H,1,0,H,14,6,7,2,18,23,5,4,3,2,0,1
Ath Bilbao,Vallecano,3,2,H,3,1,H,14,11,7,2,13,13,2,7,1,2,0,0
Osasuna,Getafe,0,2,A,0,1,A,12,10,4,4,15,15,8,1,7,3,1,1
Villarreal,Sevilla,1,1,D,0,1,A,17,12,7,1,15,12,6,4,1,5,0,0
Betis,Girona,2,1,H,1,1,D,9,8,3,3,9,8,2,4,0,3,0,0
Sociedad,Espanol,2,1,H,2,1,H,14,14,6,4,18,8,4,2,3,0,0,0
Ath Madrid,Real Madrid,1,2,A,0,2,A,12,6,5,3,15,16,8,1,4,2,1,0
Ath Bilbao,Almeria,4,0,H,2,0,H,17,8,4,2,17,8,11,2,1,3,0,0
Cadiz,Villarreal,0,0,D,0,0,D,10,14,2,6,13,8,6,5,2,3,1,0
Getafe,Valladolid,2,3,A,2,2,D,14,14,6,7,23,13,4,2,2,4,0,0
Sevilla,Ath Madrid,0,2,A,0,1,A,14,20,3,6,9,12,5,7,3,2,0,0
Mallorca,Barcelona,0,1,A,0,1,A,13,11,3,3,9,13,5,5,2,4,0,0
Espanol,Valencia,2,2,D,0,0,D,10,12,5,5,16,15,6,4,2,1,1,1
Celta,Betis,1,0,H,1,0,H,11,9,4,4,26,3,5,3,4,3,0,1
Girona,Sociedad,3,5,A,2,2,D,16,11,8,5,9,19,2,2,3,1,0,0
Real Madrid,Osasuna,1,1,D,1,0,H,22,8,4,2,9,13,10,2,1,2,0,1
Vallecano,Elche,2,1,H,1,1,D,15,5,6,2,5,19,13,3,1,8,0,0
Osasuna,Valencia,1,2,A,0,1,A,11,15,2,7,11,19,7,5,3,6,2,1
Almeria,Vallecano,3,1,H,3,0,H,10,12,4,4,22,12,7,6,4,2,1,0
Ath Madrid,Girona,2,1,H,1,0,H,13,11,7,4,12,13,8,3,3,1,0,0
Sevilla,Ath Bilbao,1,1,D,1,0,H,10,21,3,4,19,14,5,7,4,0,0,1
Getafe,Real Madrid,0,1,A,0,1,A,9,19,2,4,10,5,4,4,0,0,0,0
Valladolid,Betis,0,0,D,0,0,D,12,4,3,1,12,16,3,1,1,1,0,1
Cadiz,Espanol,2,2,D,1,0,H,8,9,3,6,13,12,8,3,4,4,0,0
Sociedad,Villarreal,1,0,H,1,0,H,17,5,5,1,21,18,9,3,5,3,0,0
Barcelona,Celta,1,0,H,1,0,H,13,14,5,3,16,9,6,3,2,4,0,0
Elche,Mallorca,1,1,D,1,0,H,7,11,2,4,12,17,5,7,4,5,1,1
Vallecano,Getafe,0,0,D,0,0,D,16,6,3,3,13,17,4,1,2,3,0,0
Girona,Cadiz,1,1,D,0,0,D,23,9,6,2,16,9,6,2,5,4,0,0
Valencia,Elche,2,2,D,2,1,H,20,8,8,6,14,19,6,1,3,6,0,0
Mallorca,Sevilla,0,1,A,0,0,D,9,4,5,1,17,15,1,3,2,3,0,0
Ath Bilbao,Ath Madrid,0,1,A,0,0,D,13,3,3,1,14,17,6,1,0,6,0,0
Celta,Sociedad,1,2,A,1,1,D,10,8,3,6,14,17,1,6,5,7,1,0
Real Madrid,Barcelona,3,1,H,2,0,H,8,18,4,5,11,14,2,3,2,2,0,0
Espanol,Valladolid,1,0,H,0,0,D,15,14,3,2,13,11,6,4,1,4,0,0
Betis,Almeria,3,1,H,1,0,H,15,12,6,5,6,7,9,3,1,1,0,0
Villarreal,Osasuna,2,0,H,1,0,H,12,14,9,3,14,23,8,4,2,6,0,0
Sevilla,Valencia,1,1,D,0,1,A,18,13,5,5,11,26,11,6,4,7,1,0
Getafe,Ath Bilbao,2,2,D,1,1,D,11,14,4,4,14,11,7,4,7,4,0,0
Ath Madrid,Vallecano,1,1,D,1,0,H,12,14,4,4,11,11,3,4,3,0,0,0
Cadiz,Betis,0,0,D,0,0,D,13,12,3,3,15,7,4,9,1,2,0,1
Valladolid,Celta,4,1,H,1,1,D,9,22,7,5,12,11,3,7,1,1,0,0
Sociedad,Mallorca,1,0,H,1,0,H,14,12,7,3,18,9,10,7,1,2,0,0
Elche,Real Madrid,0,3,A,0,1,A,10,10,3,7,14,10,8,2,1,1,0,0
Almeria,Girona,3,2,H,3,0,H,13,14,7,5,14,14,4,5,1,3,0,0
Osasuna,Espanol,1,0,H,0,0,D,17,5,5,3,17,15,9,2,1,2,0,0
Barcelona,Villarreal,3,0,H,3,0,H,16,5,5,1,18,11,8,0,0,1,0,0
Vallecano,Cadiz,5,1,H,2,0,H,28,3,11,0,13,12,10,1,1,4,1,2
Valladolid,Sociedad,1,0,H,1,0,H,9,20,2,2,19,14,4,10,2,3,0,0
Valencia,Mallorca,1,2,A,0,0,D,13,10,3,5,14,19,5,3,3,5,0,0
Real Madrid,Sevilla,3,1,H,1,0,H,18,9,6,2,9,12,4,3,1,4,0,0
Espanol,Elche,2,2,D,1,1,D,13,9,5,4,13,10,5,3,2,3,0,0
Betis,Ath Madrid,1,2,A,0,0,D,17,9,4,3,10,17,7,4,2,3,0,0
Girona,Osasuna,1,1,D,1,1,D,7,9,1,2,11,11,3,5,2,3,0,0
Villarreal,Almeria,2,1,H,0,1,A,11,15,5,4,7,8,10,4,4,1,1,0
Barcelona,Ath Bilbao,4,0,H,3,0,H,10,5,7,3,7,13,1,2,2,2,0,0
Celta,Getafe,1,1,D,0,1,A,17,4,5,1,10,13,10,0,1,1,0,0
Mallorca,Espanol,1,1,D,0,0,D,12,7,5,2,15,9,4,4,4,1,0,0
Almeria,Celta,3,1,H,0,1,A,19,8,5,3,10,7,6,4,4,0,0,1
Cadiz,Ath Madrid,3,2,H,1,0,H,10,15,7,7,15,12,5,3,2,4,0,0
Sevilla,Vallecano,0,1,A,0,0,D,10,15,4,5,9,20,6,6,6,1,0,0
Valencia,Barcelona,0,1,A,0,0,D,3,13,2,2,13,7,3,10,4,5,0,0
Osasuna,Valladolid,2,0,H,2,0,H,20,7,10,2,14,16,1,8,1,3,0,0
Real Madrid,Girona,1,1,D,0,0,D,19,8,6,2,16,8,7,1,3,3,1,0
Ath Bilbao,Villarreal,1,0,H,0,0,D,19,6,7,3,12,10,6,2,2,1,0,0
Sociedad,Betis,0,2,A,0,0,D,14,10,7,4,22,16,5,3,4,4,0,0
Elche,Getafe,0,1,A,0,0,D,12,8,5,3,12,11,6,2,0,3,0,1
Girona,Ath Bilbao,2,1,H,0,0,D,19,11,10,7,11,11,7,1,1,1,0,0
Getafe,Cadiz,0,0,D,0,0,D,13,15,2,4,15,16,5,5,5,2,2,1
Valladolid,Elche,2,1,H,1,0,H,16,4,11,2,9,10,8,4,2,0,0,0
Celta,Osasuna,1,2,A,1,2,A,13,8,5,4,12,20,2,3,1,5,0,0
Barcelona,Almeria,2,0,H,0,0,D,27,4,13,1,14,13,9,1,2,1,0,0
Ath Madrid,Espanol,1,1,D,0,0,D,27,6,7,2,13,10,12,2,3,5,0,1
Sociedad,Valencia,1,1,D,1,1,D,9,14,4,3,11,12,1,11,2,0,1,0
Villarreal,Mallorca,0,2,A,0,1,A,9,7,2,5,17,16,5,2,4,6,0,0
Betis,Sevilla,1,1,D,1,0,H,9,22,4,6,6,20,1,4,4,5,2,1
Vallecano,Real Madrid,3,2,H,2,2,D,15,16,7,2,22,11,4,5,4,5,0,0
Elche,Girona,1,2,A,1,1,D,11,21,2,3,16,9,2,5,3,2,0,0
Ath Bilbao,Valladolid,3,0,H,1,0,H,19,8,6,0,20,6,10,2,3,1,0,0
Osasuna,Barcelona,1,2,A,1,0,H,15,9,3,3,15,6,2,5,4,4,0,2
Almeria,Getafe,1,0,H,1,0,H,8,11,3,3,17,8,7,6,8,4,1,0
Sevilla,Sociedad,1,2,A,1,2,A,6,17,3,9,9,12,2,1,2,2,2,0
Espanol,Villarreal,0,1,A,0,0,D,14,10,6,3,11,6,4,7,1,3,0,0
Mallorca,Ath Madrid,1,0,H,1,0,H,9,17,3,5,14,17,2,5,5,3,0,0
Vallecano,Celta,0,0,D,0,0,D,10,11,3,3,19,16,5,3,7,1,0,0
Valencia,Betis,3,0,H,0,0,D,15,5,7,1,12,9,5,5,1,3,0,1
Real Madrid,Cadiz,2,1,H,1,0,H,18,10,5,5,12,16,7,1,3,3,0,0
Girona,Vallecano,2,2,D,1,1,D,16,12,7,4,14,14,2,4,3,2,0,0
Betis,Ath Bilbao,0,0,D,0,0,D,9,10,5,0,8,17,2,6,1,4,1,0
Ath Madrid,Elche,2,0,H,0,0,D,18,5,4,1,14,20,3,5,3,4,1,2
Getafe,Mallorca,2,0,H,0,0,D,14,3,6,0,10,19,4,2,0,1,0,0
Cadiz,Almeria,1,1,D,0,1,A,12,18,6,9,7,14,3,2,2,0,0,0
Celta,Sevilla,1,1,D,1,0,H,17,7,5,5,11,13,5,6,2,4,0,1
Valladolid,Real Madrid,0,2,A,0,0,D,14,19,4,8,7,9,5,9,2,0,1,0
Barcelona,Espanol,1,1,D,1,0,H,21,4,6,1,11,15,10,2,6,7,1,1
Sociedad,Osasuna,2,0,H,1,0,H,9,11,2,3,10,15,3,2,1,1,0,0
Villarreal,Valencia,2,1,H,1,1,D,14,13,8,4,12,16,5,2,1,3,0,0
Elche,Celta,0,1,A,0,1,A,13,14,5,7,15,15,8,4,3,1,1,0
Valencia,Cadiz,0,1,A,0,1,A,11,6,2,2,14,21,13,2,5,6,0,0
Villarreal,Real Madrid,2,1,H,0,0,D,17,13,5,3,13,6,6,5,4,1,0,0
Mallorca,Valladolid,1,0,H,0,0,D,13,9,4,1,14,17,6,2,2,3,0,0
Espanol,Girona,2,2,D,0,1,A,12,12,6,5,13,16,5,2,3,2,0,0
Almeria,Sociedad,0,2,A,0,0,D,6,9,1,6,13,14,4,2,1,0,0,0
Vallecano,Betis,1,2,A,1,2,A,15,14,3,3,10,16,5,7,3,2,0,0
Sevilla,Getafe,2,1,H,1,0,H,11,11,5,2,13,16,4,4,3,3,0,0
Ath Madrid,Barcelona,0,1,A,0,1,A,20,10,5,2,8,16,7,4,2,3,1,1
Ath Bilbao,Osasuna,0,0,D,0,0,D,17,3,3,1,8,13,14,1,0,1,0,0
Celta,Villarreal,1,1,D,0,1,A,21,3,8,1,11,8,14,3,0,2,0,0
Valladolid,Vallecano,0,1,A,0,0,D,9,13,2,6,17,18,4,8,2,2,0,0
Girona,Sevilla,2,1,H,0,1,A,19,10,7,2,11,7,5,2,3,1,0,0
Osasuna,Mallorca,1,0,H,0,0,D,15,6,4,2,15,19,3,1,2,3,0,0
Sociedad,Ath Bilbao,3,1,H,2,1,H,11,6,5,2,20,15,4,2,5,1,0,1
Getafe,Espanol,1,2,A,1,1,D,10,10,2,4,20,13,5,1,2,3,0,0
Almeria,Ath Madrid,1,1,D,1,1,D,14,12,3,6,14,12,3,4,4,4,0,1
Cadiz,Elche,1,1,D,1,0,H,16,12,3,5,11,21,3,6,3,2,0,0
Mallorca,Celta,1,0,H,0,0,D,8,10,3,3,15,11,4,6,2,3,0,0
Vallecano,Sociedad,0,2,A,0,2,A,14,12,2,7,11,11,3,4,0,0,0,0
Espanol,Betis,1,0,H,1,0,H,8,13,2,4,18,8,7,4,3,2,0,0
Ath Madrid,Valladolid,3,0,H,3,0,H,18,7,8,1,12,7,4,1,1,1,0,0
Sevilla,Cadiz,1,0,H,0,0,D,17,4,9,1,15,14,8,1,1,4,0,1
Villarreal,Girona,1,0,H,0,0,D,19,8,9,1,21,15,3,2,5,5,0,1
Elche,Osasuna,1,1,D,0,1,A,13,8,4,4,19,9,7,2,2,1,0,0
Barcelona,Getafe,1,0,H,1,0,H,8,7,4,3,11,6,4,2,1,2,0,0
Ath Bilbao,Real Madrid,0,2,A,0,1,A,18,10,3,4,17,10,12,2,3,2,0,0
Valencia,Almeria,2,2,D,0,0,D,16,14,6,3,8,8,6,2,2,1,0,0
Almeria,Espanol,3,1,H,1,0,H,19,6,7,3,16,6,2,2,3,3,0,0
Cadiz,Mallorca,2,0,H,2,0,H,11,9,4,2,13,12,6,2,2,2,0,0
Girona,Barcelona,0,1,A,0,0,D,8,8,2,3,10,15,4,2,2,3,1,0
Sevilla,Elche,3,0,H,3,0,H,22,6,8,1,7,8,5,2,1,3,0,1
Getafe,Betis,0,1,A,0,0,D,6,13,1,2,25,12,6,1,4,2,0,0
Valladolid,Valencia,1,0,H,0,0,D,13,15,6,2,14,15,4,7,3,1,0,0
Osasuna,Ath Madrid,0,1,A,0,0,D,14,13,4,5,13,7,5,4,1,0,0,0
Celta,Ath Bilbao,1,0,H,0,0,D,9,5,3,0,17,19,2,5,3,2,0,0
Real Madrid,Sociedad,0,0,D,0,0,D,20,8,7,3,8,19,10,3,1,4,0,0
Villarreal,Vallecano,0,1,A,0,0,D,12,11,3,3,11,18,5,4,2,3,0,0
Betis,Barcelona,1,2,A,0,0,D,5,13,1,3,17,9,1,6,3,0,1,0
Real Madrid,Valencia,2,0,H,0,0,D,19,4,7,0,12,17,6,6,3,1,0,1
Ath Bilbao,Cadiz,4,1,H,3,1,H,17,15,9,3,14,12,0,3,2,1,1,0
Espanol,Osasuna,1,1,D,0,1,A,9,9,4,3,9,17,4,3,3,5,1,1
Elche,Villarreal,3,1,H,2,1,H,18,14,7,2,19,8,6,10,4,2,0,0
Ath Madrid,Getafe,1,1,D,0,0,D,12,9,4,1,11,18,8,0,3,5,0,0
Betis,Celta,3,4,A,2,2,D,15,9,7,7,11,13,5,5,2,3,1,0
Mallorca,Real Madrid,1,0,H,1,0,H,4,20,1,1,29,14,1,12,5,5,0,0
Girona,Valencia,1,0,H,0,0,D,20,8,8,4,11,10,8,4,1,4,0,0
Sociedad,Valladolid,0,1,A,0,0,D,15,7,4,2,17,14,0,4,4,5,0,0
Barcelona,Sevilla,3,0,H,0,0,D,16,3,7,1,8,10,8,3,0,2,0,0
Vallecano,Almeria,2,0,H,0,0,D,15,14,11,5,16,9,3,7,3,3,0,0
Cadiz,Girona,2,0,H,2,0,H,12,7,3,1,17,11,5,6,4,4,0,0
Almeria,Betis,2,3,A,1,2,A,16,12,9,7,12,10,8,2,2,3,0,0
Sevilla,Mallorca,2,0,H,2,0,H,15,6,6,0,9,14,8,2,5,2,0,0
Valencia,Ath Bilbao,1,2,A,1,1,D,18,11,8,3,11,17,7,1,2,2,0,0
Getafe,Vallecano,1,1,D,0,1,A,13,19,4,4,21,19,5,6,4,4,1,0
Celta,Ath Madrid,0,1,A,0,0,D,14,10,3,2,10,13,7,5,2,2,0,1
Valladolid,Osasuna,0,0,D,0,0,D,18,15,5,4,13,16,10,4,1,3,0,0
Villarreal,Barcelona,0,1,A,0,1,A,11,7,2,4,22,18,6,2,4,4,0,0
Espanol,Sociedad,2,3,A,0,1,A,10,11,6,5,9,17,4,3,4,1,1,0
Real Madrid,Elche,4,0,H,3,0,H,26,7,13,0,5,13,6,4,1,3,0,0
Girona,Almeria,6,2,H,4,0,H,14,16,8,4,10,8,1,7,1,1,0,0
Sociedad,Celta,1,1,D,1,0,H,9,18,3,4,14,12,3,7,3,5,0,1
Betis,Valladolid,2,1,H,2,1,H,16,17,10,3,18,15,4,6,3,5,0,0
Mallorca,Villarreal,4,2,H,2,1,H,13,8,5,4,19,8,4,4,5,0,0,1
Osasuna,Real Madrid,0,2,A,0,0,D,11,11,4,6,17,7,5,5,3,2,0,0
Elche,Espanol,0,1,A,0,0,D,19,11,5,4,11,12,10,5,2,3,1,0
Vallecano,Sevilla,1,1,D,0,1,A,18,7,5,2,15,6,7,3,4,1,0,0
Ath Madrid,Ath Bilbao,1,0,H,0,0,D,17,8,5,2,7,13,6,5,2,3,0,0
Barcelona,Cadiz,2,0,H,2,0,H,16,14,5,4,15,18,5,6,2,3,0,0
Getafe,Valencia,1,0,H,0,0,D,15,8,6,3,11,8,4,5,6,1,0,0
Elche,Betis,2,3,A,2,0,H,4,21,2,9,16,9,3,3,4,1,2,0
Espanol,Mallorca,2,1,H,1,1,D,9,15,3,4,15,18,0,4,2,2,0,0
Cadiz,Vallecano,1,0,H,0,0,D,5,11,3,2,19,19,4,6,3,4,0,1
Real Madrid,Ath Madrid,1,1,D,0,0,D,18,7,7,2,10,8,7,4,3,3,0,1
Valencia,Sociedad,1,0,H,1,0,H,8,11,3,3,13,12,7,8,6,3,0,0
Ath Bilbao,Girona,2,3,A,1,3,A,17,8,3,4,17,8,11,3,5,5,0,0
Celta,Valladolid,3,0,H,2,0,H,18,6,4,3,6,5,5,4,1,3,0,1
Almeria,Barcelona,1,0,H,1,0,H,7,14,4,1,13,11,4,7,3,3,0,0
Sevilla,Osasuna,2,3,A,0,1,A,22,11,8,4,10,15,10,2,4,2,1,0
Villarreal,Getafe,2,1,H,1,1,D,11,8,5,3,9,13,6,6,0,1,0,0
Sociedad,Cadiz,0,0,D,0,0,D,15,6,3,2,18,18,4,0,0,1,0,0
Getafe,Girona,3,2,H,3,0,H,10,9,6,7,24,11,3,3,5,4,0,0
Almeria,Villarreal,0,2,A,0,0,D,6,16,0,6,11,10,2,10,2,4,0,0
Mallorca,Elche,0,1,A,0,0,D,14,15,3,6,17,14,6,7,3,3,0,0
Ath Madrid,Sevilla,6,1,H,2,1,H,18,8,8,1,12,11,7,3,1,4,0,1
Valladolid,Espanol,2,1,H,1,0,H,15,12,5,2,4,11,9,6,3,2,0,0
Barcelona,Valencia,1,0,H,1,0,H,13,13,4,1,11,13,5,2,0,0,1,0
Vallecano,Ath Bilbao,0,0,D,0,0,D,18,16,2,3,9,17,7,9,1,0,0,1
Betis,Real Madrid,0,0,D,0,0,D,8,15,4,5,12,13,5,3,3,4,0,0
Osasuna,Celta,0,0,D,0,0,D,10,6,5,0,12,12,6,4,0,2,0,0
Cadiz,Getafe,2,2,D,1,0,H,11,16,4,10,13,16,2,6,4,5,1,1
Real Madrid,Espanol,3,1,H,2,1,H,22,10,7,3,12,17,7,4,3,2,0,0
Elche,Valladolid,1,1,D,0,1,A,24,5,10,1,19,11,10,3,4,6,0,2
Celta,Vallecano,3,0,H,0,0,D,15,12,6,3,13,12,3,7,2,3,0,0
Valencia,Osasuna,1,0,H,0,0,D,8,7,4,0,8,19,12,3,2,5,0,0
Mallorca,Sociedad,1,1,D,0,1,A,8,8,2,2,19,20,3,2,2,2,0,1
Sevilla,Almeria,2,1,H,1,1,D,27,13,5,5,8,11,6,4,4,4,0,0
Villarreal,Betis,1,1,D,0,1,A,15,6,4,3,8,11,2,4,3,2,0,0
Ath Bilbao,Barcelona,0,1,A,0,1,A,15,10,5,2,13,7,5,3,2,1,0,0
Girona,Ath Madrid,0,1,A,0,0,D,6,14,4,4,6,12,1,3,2,3,0,0
Valladolid,Ath Bilbao,1,3,A,0,1,A,15,15,3,6,9,14,2,9,2,2,0,0
Almeria,Cadiz,1,1,D,0,0,D,17,10,5,4,12,12,5,2,1,4,0,0
Vallecano,Girona,2,2,D,2,1,H,15,12,3,4,15,16,3,5,2,2,0,0
Espanol,Celta,1,3,A,0,2,A,11,8,3,4,11,12,4,1,2,2,0,0
Ath Madrid,Valencia,3,0,H,1,0,H,14,9,6,1,12,9,4,2,2,0,0,0
Betis,Mallorca,1,0,H,0,0,D,10,5,3,1,8,15,4,4,1,2,0,0
Osasuna,Villarreal,0,3,A,0,1,A,10,12,2,6,15,7,7,1,3,2,0,0
Sociedad,Elche,2,0,H,0,0,D,17,4,4,3,16,16,5,3,2,1,0,0
Getafe,Sevilla,2,0,H,0,0,D,15,11,4,4,22,10,4,1,4,2,0,0
Barcelona,Real Madrid,2,1,H,1,1,D,17,11,7,3,12,13,8,1,4,3,0,0
Mallorca,Osasuna,0,0,D,0,0,D,10,11,1,2,19,17,2,3,7,3,1,0
Girona,Espanol,2,1,H,0,0,D,14,5,4,1,12,16,5,2,4,2,0,1
Ath Bilbao,Getafe,0,0,D,0,0,D,17,9,3,1,8,9,13,3,0,0,0,0
Cadiz,Sevilla,0,2,A,0,0,D,14,11,3,5,9,14,8,4,3,4,0,0
Elche,Barcelona,0,4,A,0,1,A,15,12,2,6,11,11,11,3,0,3,0,0
Celta,Almeria,2,2,D,2,2,D,21,8,5,3,13,12,4,1,3,5,0,0
Real Madrid,Valladolid,6,0,H,4,0,H,30,12,17,2,17,11,9,1,0,1,0,0
Villarreal,Sociedad,2,0,H,0,0,D,16,16,4,3,12,19,4,4,5,3,1,0
Ath Madrid,Betis,1,0,H,0,0,D,13,6,7,2,20,11,5,1,1,2,0,0
Valencia,Vallecano,1,1,D,0,1,A,18,7,4,2,15,16,13,3,2,3,0,0
Sevilla,Celta,2,2,D,1,0,H,7,9,2,4,11,9,8,3,6,2,2,0
Osasuna,Elche,2,1,H,0,1,A,22,7,6,1,15,7,9,2,1,3,0,0
Espanol,Ath Bilbao,1,2,A,0,1,A,9,12,2,7,14,18,8,7,6,4,1,0
Sociedad,Getafe,2,0,H,1,0,H,11,6,6,4,11,9,3,2,2,1,0,0
Real Madrid,Villarreal,2,3,A,1,1,D,18,17,4,8,8,19,6,7,0,3,0,0
Valladolid,Mallorca,3,3,D,1,0,H,10,14,6,6,13,20,1,2,3,5,0,0
Betis,Cadiz,0,2,A,0,0,D,9,15,3,4,18,16,5,6,3,3,2,0
Almeria,Valencia,2,1,H,0,0,D,10,11,4,4,11,11,3,7,3,2,0,0
Vallecano,Ath Madrid,1,2,A,0,2,A,15,14,3,4,8,7,8,2,0,0,1,0
Barcelona,Girona,0,0,D,0,0,D,18,5,3,0,14,14,12,2,0,2,0,0
Vallecano,Osasuna,2,1,H,2,0,H,12,8,3,4,18,16,2,3,2,3,0,0
Villarreal,Valladolid,1,2,A,0,2,A,22,14,7,7,9,18,8,5,1,6,0,0
Ath Bilbao,Sociedad,2,0,H,1,0,H,13,13,5,4,16,14,5,2,5,2,0,0
Betis,Espanol,3,1,H,2,0,H,15,13,8,4,9,13,4,13,2,2,0,0
Cadiz,Real Madrid,0,2,A,0,0,D,12,35,3,11,12,7,2,9,1,0,0,0
Girona,Elche,2,0,H,1,0,H,14,13,4,5,9,14,3,4,3,3,0,1
Getafe,Barcelona,0,0,D,0,0,D,5,15,1,3,13,12,1,5,2,1,0,0
Ath Madrid,Almeria,2,1,H,2,1,H,19,2,7,0,7,8,9,2,3,3,0,0
Valencia,Sevilla,0,2,A,0,0,D,13,6,3,3,10,17,6,2,1,4,1,0
Celta,Mallorca,0,1,A,0,1,A,12,8,3,2,10,19,7,5,2,1,1,0
Espanol,Cadiz,0,0,D,0,0,D,14,11,5,2,8,22,6,3,4,2,0,0
Osasuna,Betis,3,2,H,3,1,H,10,21,5,6,20,13,5,13,2,0,0,0
Almeria,Ath Bilbao,1,2,A,0,1,A,12,14,4,3,8,20,3,4,2,4,0,0
Sociedad,Vallecano,2,1,H,0,0,D,7,7,1,2,18,19,3,3,1,2,0,0
Valladolid,Girona,1,0,H,1,0,H,15,12,6,6,14,9,5,7,1,1,0,0
Real Madrid,Celta,2,0,H,1,0,H,17,12,5,2,10,10,8,3,1,2,0,0
Elche,Valencia,0,2,A,0,2,A,7,5,1,3,12,6,11,6,3,1,0,0
Barcelona,Ath Madrid,1,0,H,1,0,H,13,13,4,3,15,16,3,3,4,7,0,0
Mallorca,Getafe,3,1,H,0,1,A,8,3,4,1,15,18,2,2,2,3,0,0
Sevilla,Villarreal,2,1,H,1,0,H,17,17,4,5,12,10,5,3,1,2,0,0
Cadiz,Osasuna,0,1,A,0,0,D,20,6,4,4,8,15,11,2,0,1,0,1
Girona,Real Madrid,4,2,H,2,1,H,13,18,5,3,7,6,3,8,1,2,0,0
Betis,Sociedad,0,0,D,0,0,D,10,10,1,3,13,23,2,4,1,3,0,0
Ath Madrid,Mallorca,3,1,H,1,1,D,24,6,9,2,10,9,5,8,0,0,0,0
Getafe,Almeria,1,2,A,0,1,A,21,23,9,11,15,9,4,6,2,2,1,0
Celta,Elche,1,0,H,0,0,D,17,16,9,1,9,12,10,6,0,0,0,0
Vallecano,Barcelona,2,1,H,1,0,H,9,10,6,5,10,14,3,9,1,4,0,0
Valencia,Valladolid,2,1,H,0,1,A,18,8,5,2,16,17,6,2,0,4,0,0
Villarreal,Espanol,4,2,H,0,1,A,31,13,13,4,14,10,9,2,2,4,0,1
Ath Bilbao,Sevilla,0,1,A,0,0,D,7,4,2,1,7,11,8,2,3,3,0,0
Osasuna,Sociedad,0,2,A,0,1,A,13,12,1,8,12,15,4,2,3,1,0,0
Elche,Vallecano,4,0,H,1,0,H,18,14,9,3,13,16,3,8,1,2,0,1
Real Madrid,Almeria,4,2,H,3,1,H,15,9,12,3,12,16,7,0,2,2,0,0
Barcelona,Betis,4,0,H,3,0,H,15,4,8,1,10,9,10,0,0,2,0,1
Cadiz,Valencia,2,1,H,1,0,H,8,16,4,4,14,10,5,6,6,2,0,0
Villarreal,Celta,3,1,H,2,1,H,9,14,3,5,12,11,4,9,1,4,0,0
Espanol,Getafe,1,0,H,1,0,H,17,7,8,2,12,23,6,3,3,5,0,0
Valladolid,Ath Madrid,2,5,A,1,3,A,19,9,6,6,14,8,9,1,2,1,0,0
Mallorca,Ath Bilbao,1,1,D,0,0,D,9,16,2,6,17,9,5,7,4,2,0,0
Sevilla,Girona,0,2,A,0,1,A,23,9,5,3,14,11,6,1,1,1,0,0
Almeria,Elche,2,1,H,1,0,H,10,14,4,1,8,9,7,13,2,2,0,0
Barcelona,Osasuna,1,0,H,0,0,D,21,7,4,2,7,10,11,0,0,0,0,1
Sociedad,Real Madrid,2,0,H,0,0,D,9,10,4,5,17,9,2,6,1,5,0,1
Valencia,Villarreal,1,1,D,0,0,D,8,11,1,4,14,13,6,6,4,2,0,0
Ath Madrid,Cadiz,5,1,H,2,0,H,18,2,8,1,12,9,5,2,3,2,0,0
Getafe,Celta,1,0,H,1,0,H,14,7,4,1,21,14,1,5,7,5,0,1
Girona,Mallorca,2,1,H,1,0,H,17,8,7,2,9,13,9,5,4,0,0,0
Sevilla,Espanol,3,2,H,1,2,A,18,7,6,3,15,11,9,0,1,2,0,0
Ath Bilbao,Betis,0,1,A,0,1,A,21,12,6,2,13,7,13,2,1,3,1,0
Vallecano,Valladolid,2,1,H,0,0,D,16,7,6,4,18,15,3,4,0,0,0,0
Mallorca,Cadiz,1,0,H,1,0,H,8,14,3,4,16,14,3,7,5,3,0,0
Sociedad,Girona,2,2,D,2,2,D,18,13,6,6,22,13,7,4,5,3,0,1
Osasuna,Almeria,3,1,H,0,0,D,18,8,7,3,7,7,4,1,0,0,0,0
Villarreal,Ath Bilbao,5,1,H,2,1,H,17,11,11,5,11,13,7,5,4,3,0,0
Real Madrid,Getafe,1,0,H,0,0,D,16,9,3,2,5,23,1,3,1,4,0,0
Celta,Valencia,1,2,A,0,1,A,10,12,6,5,13,19,5,4,3,5,0,1
Elche,Ath Madrid,1,0,H,1,0,H,15,13,4,4,16,3,3,5,2,0,0,0
Valladolid,Sevilla,0,3,A,0,0,D,28,17,6,5,9,16,8,3,2,1,0,0
Espanol,Barcelona,2,4,A,0,3,A,15,15,7,5,12,9,4,3,1,3,0,0
Betis,Vallecano,3,1,H,2,0,H,11,16,5,4,11,9,6,5,3,2,0,1
Cadiz,Valladolid,2,0,H,0,0,D,11,6,4,2,18,18,4,3,4,4,0,1
Girona,Villarreal,1,2,A,1,1,D,9,10,3,5,16,11,3,1,2,1,0,0
Ath Bilbao,Celta,2,1,H,1,0,H,10,8,3,3,17,12,8,5,4,1,0,0
Almeria,Mallorca,3,0,H,2,0,H,12,7,3,3,11,15,4,6,1,2,0,0
Getafe,Elche,1,1,D,1,1,D,9,13,5,4,19,11,5,6,3,1,0,0
Barcelona,Sociedad,1,2,A,0,1,A,13,13,4,6,8,16,8,2,4,4,0,0
Vallecano,Espanol,1,2,A,1,1,D,15,10,5,6,8,11,4,4,2,2,0,0
Ath Madrid,Osasuna,3,0,H,1,0,H,15,12,5,2,6,11,8,10,0,2,0,0
Valencia,Real Madrid,1,0,H,1,0,H,12,13,6,5,13,4,2,9,4,2,0,1
Sevilla,Betis,0,0,D,0,0,D,10,5,4,0,14,11,4,3,2,2,0,1
Celta,Girona,1,1,D,1,0,H,16,11,7,4,13,13,9,3,0,0,0,0
Sociedad,Almeria,1,0,H,1,0,H,15,2,2,2,20,8,10,2,0,1,0,1
Valladolid,Barcelona,3,1,H,2,0,H,8,16,4,6,13,9,2,6,1,0,0,0
Elche,Sevilla,1,1,D,1,1,D,20,9,7,3,12,10,9,5,1,4,0,1
Real Madrid,Vallecano,2,1,H,1,0,H,12,15,3,6,11,14,5,2,1,3,0,0
Villarreal,Cadiz,2,0,H,2,0,H,13,16,7,8,14,8,7,6,1,2,0,0
Betis,Getafe,0,1,A,0,0,D,11,9,4,2,8,12,2,5,2,5,1,0
Espanol,Ath Madrid,3,3,D,0,2,A,26,16,13,7,6,9,16,1,2,3,0,0
Mallorca,Valencia,1,0,H,0,0,D,4,15,3,5,15,12,2,4,4,2,0,0
Osasuna,Ath Bilbao,2,0,H,0,0,D,9,10,3,5,17,13,3,6,3,3,0,0
Sevilla,Real Madrid,1,2,A,1,1,D,11,6,1,3,23,10,1,1,2,4,1,0
Almeria,Valladolid,0,0,D,0,0,D,23,8,7,2,11,16,2,4,0,4,0,0
Ath Bilbao,Elche,0,1,A,0,0,D,27,6,8,2,7,10,19,3,1,1,0,0
Ath Madrid,Sociedad,2,1,H,1,0,H,11,10,5,5,8,10,6,4,2,2,0,0
Barcelona,Mallorca,3,0,H,2,0,H,28,3,9,1,4,9,14,3,0,0,0,1
Cadiz,Celta,1,0,H,0,0,D,13,9,3,4,16,10,3,3,9,5,0,0
Getafe,Osasuna,2,1,H,1,1,D,16,10,6,2,11,6,1,1,3,1,0,0
Girona,Betis,1,2,A,1,0,H,9,18,3,7,14,12,8,5,0,1,0,0
Valencia,Espanol,2,2,D,1,1,D,19,9,4,5,12,12,10,3,0,4,0,0
Vallecano,Villarreal,2,1,H,0,0,D,15,7,4,2,9,9,4,6,3,5,0,0
Mallorca,Vallecano,3,0,H,0,0,D,8,20,4,4,14,15,2,6,0,0,0,0
Osasuna,Girona,2,1,H,0,0,D,14,11,7,6,12,9,5,2,1,5,0,0
Real Madrid,Ath Bilbao,1,1,D,0,0,D,9,15,2,9,11,14,5,6,2,2,0,0
Sociedad,Sevilla,2,1,H,1,0,H,17,9,6,4,10,13,5,2,0,1,0,0
Villarreal,Ath Madrid,2,2,D,1,1,D,22,9,7,3,9,12,12,1,3,2,0,1
Betis,Valencia,1,1,D,1,0,H,8,10,3,3,11,11,5,4,3,0,0,1
Celta,Barcelona,2,1,H,1,0,H,12,9,9,2,13,9,2,4,2,2,0,0
Elche,Cadiz,1,1,D,0,1,A,12,14,5,3,18,8,7,4,4,3,0,0
Espanol,Almeria,3,3,D,1,1,D,12,11,8,4,11,12,7,6,2,3,0,0
Valladolid,Getafe,0,0,D,0,0,D,15,4,0,1,9,25,6,1,1,3,0,0
Almeria,Vallecano,0,2,A,0,2,A,19,10,5,4,16,25,8,3,1,3,0,0
Sevilla,Valencia,1,2,A,0,0,D,9,10,3,3,15,17,8,1,3,2,1,0
Sociedad,Girona,1,1,D,1,0,H,15,6,2,1,22,9,4,1,2,5,0,0
Las Palmas,Mallorca,1,1,D,1,0,H,5,12,2,2,11,21,3,6,3,2,0,0
Ath Bilbao,Real Madrid,0,2,A,0,2,A,7,14,1,8,18,6,7,5,3,1,0,0
Celta,Osasuna,0,2,A,0,1,A,11,11,1,5,11,15,7,2,1,1,0,0
Villarreal,Betis,1,2,A,0,1,A,18,12,5,5,13,17,9,4,1,3,0,0
Getafe,Barcelona,0,0,D,0,0,D,5,14,2,4,20,11,3,4,8,2,1,1
Cadiz,Alaves,1,0,H,1,0,H,12,10,3,2,19,15,2,4,3,2,1,0
Ath Madrid,Granada,3,1,H,1,0,H,14,7,6,4,15,9,3,3,3,1,0,0
Mallorca,Villarreal,0,1,A,0,0,D,8,15,1,3,12,11,6,5,2,4,0,0
Valencia,Las Palmas,1,0,H,0,0,D,9,7,4,1,12,6,6,4,0,0,0,0
Sociedad,Celta,1,1,D,1,0,H,11,17,2,6,12,12,9,7,2,1,0,0
Almeria,Real Madrid,1,3,A,1,1,D,20,24,8,9,10,13,4,5,1,0,0,0
Osasuna,Ath Bilbao,0,2,A,0,2,A,18,8,7,2,9,14,5,3,1,5,1,1
Girona,Getafe,3,0,H,1,0,H,7,9,6,2,11,20,3,2,2,5,0,0
Barcelona,Cadiz,2,0,H,0,0,D,23,10,10,1,9,22,10,2,4,3,0,0
Betis,Ath Madrid,0,0,D,0,0,D,14,5,0,1,10,8,2,7,2,1,0,0
Alaves,Sevilla,4,3,H,2,2,D,14,12,7,2,14,13,4,4,1,2,0,0
Granada,Vallecano,0,2,A,0,0,D,14,17,7,9,14,11,5,6,2,1,1,0
Las Palmas,Sociedad,0,0,D,0,0,D,11,8,5,1,7,29,5,7,1,4,0,0
Celta,Real Madrid,0,1,A,0,0,D,13,10,4,3,19,14,3,5,2,3,0,0
Cadiz,Almeria,1,1,D,0,0,D,11,5,3,2,16,22,7,3,0,5,1,1
Granada,Mallorca,3,2,H,1,1,D,10,10,4,5,11,27,5,3,2,7,0,0
Sevilla,Girona,1,2,A,1,1,D,21,8,4,3,11,18,6,6,2,1,0,0
Villarreal,Barcelona,3,4,A,2,2,D,13,21,6,11,12,14,2,6,3,3,0,0
Valencia,Osasuna,1,2,A,0,1,A,16,7,4,2,13,12,6,3,3,4,0,0
Ath Bilbao,Betis,4,2,H,3,2,H,14,7,6,3,23,11,5,3,4,2,0,0
Getafe,Alaves,1,0,H,0,0,D,15,16,4,2,13,15,4,5,1,2,0,0
Vallecano,Ath Madrid,0,7,A,0,3,A,12,17,3,10,19,17,8,3,4,3,0,0
Cadiz,Villarreal,3,1,H,2,1,H,18,7,4,3,21,15,7,3,5,4,0,1
Almeria,Celta,2,3,A,0,2,A,16,14,5,8,9,9,6,5,1,1,0,0
Sociedad,Granada,5,3,H,2,1,H,15,8,6,5,15,14,2,5,1,5,0,0
Real Madrid,Getafe,2,1,H,0,1,A,26,6,12,2,12,16,11,1,2,6,0,0
Alaves,Valencia,1,0,H,1,0,H,7,9,1,4,18,9,1,2,4,2,0,0
Betis,Vallecano,1,0,H,0,0,D,14,15,5,6,22,20,2,3,3,5,0,0
Girona,Las Palmas,1,0,H,0,0,D,11,10,6,5,15,10,3,5,3,3,0,0
Mallorca,Ath Bilbao,0,0,D,0,0,D,8,11,2,3,12,17,3,5,0,1,0,0
Osasuna,Barcelona,1,2,A,0,1,A,11,9,3,4,6,16,8,5,1,3,1,0
Vallecano,Alaves,2,0,H,1,0,H,20,9,11,1,15,14,5,3,2,3,0,0
Ath Bilbao,Cadiz,3,0,H,0,0,D,20,5,9,4,10,20,5,4,1,4,0,0
Valencia,Ath Madrid,3,0,H,2,0,H,12,11,8,3,13,17,5,8,1,5,0,0
Celta,Mallorca,0,1,A,0,0,D,16,7,4,4,9,15,10,1,1,3,0,0
Barcelona,Betis,5,0,H,2,0,H,17,11,9,2,9,10,9,5,1,2,0,0
Getafe,Osasuna,3,2,H,1,1,D,11,8,6,3,15,11,6,3,6,2,0,0
Villarreal,Almeria,2,1,H,1,1,D,10,17,4,7,16,6,7,6,2,3,0,0
Sevilla,Las Palmas,1,0,H,0,0,D,26,12,9,2,13,12,7,3,3,5,0,0
Real Madrid,Sociedad,2,1,H,0,1,A,17,15,8,5,11,14,4,3,3,2,0,0
Granada,Girona,2,4,A,0,3,A,12,13,5,7,13,21,4,5,3,3,0,0
Alaves,Ath Bilbao,0,2,A,0,1,A,15,11,5,3,13,9,3,4,2,2,0,0
Girona,Mallorca,5,3,H,4,1,H,23,15,10,5,10,12,6,5,1,5,0,0
Osasuna,Sevilla,0,0,D,0,0,D,16,15,2,3,11,7,7,4,2,3,0,0
Barcelona,Celta,3,2,H,0,1,A,15,13,6,7,10,11,2,3,2,1,0,0
Almeria,Valencia,2,2,D,0,1,A,17,7,10,5,12,10,8,3,4,2,0,0
Sociedad,Getafe,4,3,H,1,2,A,10,10,6,7,13,24,2,1,3,2,0,0
Vallecano,Villarreal,1,1,D,1,1,D,11,13,6,6,20,18,2,8,2,3,0,1
Betis,Cadiz,1,1,D,0,1,A,21,5,7,1,10,14,11,8,2,3,0,0
Las Palmas,Granada,1,0,H,0,0,D,10,2,3,1,13,19,6,7,6,4,1,0
Ath Madrid,Real Madrid,3,1,H,2,1,H,10,20,4,5,13,10,6,11,1,3,0,0
Sevilla,Almeria,5,1,H,3,0,H,18,10,9,1,15,16,9,4,3,2,0,0
Mallorca,Barcelona,2,2,D,2,1,H,10,10,5,4,19,7,7,2,4,1,1,0
Ath Bilbao,Getafe,2,2,D,1,0,H,9,13,4,5,9,19,5,4,5,6,1,0
Real Madrid,Las Palmas,2,0,H,1,0,H,21,16,9,2,7,9,7,2,0,1,0,0
Villarreal,Girona,1,2,A,0,0,D,14,17,3,5,9,11,5,6,3,2,0,0
Cadiz,Vallecano,0,0,D,0,0,D,9,9,2,4,16,13,1,2,5,6,0,1
Valencia,Sociedad,0,1,A,0,1,A,9,2,2,1,14,17,0,2,4,7,1,0
Celta,Alaves,1,1,D,1,0,H,8,21,0,11,9,11,2,8,5,3,1,0
Granada,Betis,1,1,D,0,0,D,19,13,7,3,14,10,5,7,2,1,0,0
Osasuna,Ath Madrid,0,2,A,0,1,A,13,4,2,3,14,4,7,2,3,3,1,1
Barcelona,Sevilla,1,0,H,0,0,D,18,12,5,3,11,15,13,3,2,3,0,0
Getafe,Villarreal,0,0,D,0,0,D,22,3,9,0,19,11,6,4,2,4,0,1
Vallecano,Mallorca,2,2,D,1,1,D,19,9,5,4,12,20,5,0,2,5,0,0
Girona,Real Madrid,0,3,A,0,2,A,13,14,3,7,13,14,1,4,2,2,0,1
Sociedad,Ath Bilbao,3,0,H,1,0,H,8,18,5,3,20,9,5,7,2,2,0,0
Almeria,Granada,3,3,D,3,0,H,17,19,5,4,18,14,1,5,2,1,0,0
Alaves,Osasuna,0,2,A,0,1,A,17,10,3,3,13,13,4,2,2,3,1,0
Ath Madrid,Cadiz,3,2,H,1,2,A,18,8,9,4,5,10,5,3,1,3,0,0
Betis,Valencia,3,0,H,1,0,H,15,9,7,2,11,10,5,3,2,2,0,0
Las Palmas,Celta,2,1,H,0,0,D,16,11,5,3,13,14,4,5,2,1,0,0
Ath Bilbao,Almeria,3,0,H,1,0,H,23,4,9,1,11,7,6,2,2,0,0,0
Cadiz,Girona,0,1,A,0,0,D,8,20,2,5,12,13,5,5,1,3,1,0
Real Madrid,Osasuna,4,0,H,1,0,H,19,7,9,1,9,6,5,4,2,2,0,0
Mallorca,Valencia,1,1,D,1,1,D,9,11,5,3,17,11,3,6,2,1,0,0
Sevilla,Vallecano,2,2,D,0,2,A,22,7,6,4,16,19,12,2,5,2,0,0
Villarreal,Las Palmas,1,2,A,0,1,A,9,8,4,5,17,7,7,2,4,4,0,0
Ath Madrid,Sociedad,2,1,H,1,0,H,14,13,5,4,9,12,1,4,3,3,0,0
Alaves,Betis,1,1,D,1,1,D,15,6,5,2,13,9,5,3,3,3,0,1
Celta,Getafe,2,2,D,2,2,D,26,3,11,2,14,20,13,1,1,8,0,1
Granada,Barcelona,2,2,D,2,1,H,7,22,2,10,12,7,1,11,4,1,0,0
Osasuna,Granada,2,0,H,1,0,H,12,13,6,3,19,13,1,7,3,4,0,1
Sociedad,Mallorca,1,0,H,0,0,D,14,18,6,7,14,16,2,5,3,3,0,0
Getafe,Betis,1,1,D,1,1,D,14,13,4,3,17,11,4,8,5,2,0,0
Sevilla,Real Madrid,1,1,D,0,0,D,17,14,7,5,13,6,4,6,5,2,0,0
Celta,Ath Madrid,0,3,A,0,1,A,16,12,3,7,10,10,7,5,3,2,1,0
Las Palmas,Vallecano,0,1,A,0,0,D,12,12,6,4,13,11,10,5,4,3,0,1
Girona,Almeria,5,2,H,3,2,H,19,9,8,5,11,14,9,6,1,2,0,0
Villarreal,Alaves,1,1,D,0,0,D,12,16,3,7,15,10,9,3,4,3,0,0
Barcelona,Ath Bilbao,1,0,H,0,0,D,12,10,7,3,11,18,4,7,3,3,0,0
Valencia,Cadiz,2,0,H,2,0,H,12,5,4,4,16,16,4,6,0,3,0,1
Girona,Celta,1,0,H,0,0,D,12,4,2,2,15,12,10,1,3,2,0,0
Almeria,Las Palmas,1,2,A,0,1,A,10,10,4,3,13,19,3,2,3,1,0,0
Barcelona,Real Madrid,1,2,A,1,0,H,15,13,3,4,15,15,6,3,2,1,0,0
Mallorca,Getafe,0,0,D,0,0,D,15,8,4,0,10,25,8,3,0,1,0,0
Cadiz,Sevilla,2,2,D,2,1,H,10,20,5,10,17,12,2,4,6,4,0,0
Betis,Osasuna,2,1,H,1,0,H,9,7,2,1,10,25,6,3,3,4,0,0
Vallecano,Sociedad,2,2,D,1,1,D,16,15,7,3,17,16,4,5,3,2,0,0
Ath Bilbao,Valencia,2,2,D,1,0,H,12,11,7,5,11,10,10,4,3,1,0,0
Ath Madrid,Alaves,2,1,H,2,0,H,11,8,7,1,10,11,4,4,3,2,0,0
Granada,Villarreal,2,3,A,2,3,A,18,6,8,5,14,15,4,1,0,4,0,0
Las Palmas,Ath Madrid,2,1,H,0,0,D,9,13,3,5,12,9,3,4,0,3,0,0
Osasuna,Girona,2,4,A,1,1,D,15,11,3,4,14,10,2,7,5,3,0,0
Betis,Mallorca,2,0,H,1,0,H,22,8,3,1,13,16,6,1,1,4,0,1
Celta,Sevilla,1,1,D,1,0,H,15,13,3,5,14,10,4,6,2,5,1,0
Sociedad,Barcelona,0,1,A,0,0,D,13,12,6,4,16,8,8,3,3,3,0,0
Alaves,Almeria,1,0,H,0,0,D,23,9,3,3,13,14,12,6,2,3,0,0
Valencia,Granada,1,0,H,1,0,H,11,6,2,1,20,15,0,4,3,5,0,0
Villarreal,Ath Bilbao,2,3,A,0,3,A,17,17,6,7,11,18,9,3,4,4,0,0
Real Madrid,Vallecano,0,0,D,0,0,D,22,4,5,0,12,15,11,1,3,5,0,0
Getafe,Cadiz,1,0,H,0,0,D,13,6,3,2,18,12,6,3,7,1,1,0
Ath Bilbao,Celta,4,3,H,2,2,D,21,13,12,5,15,13,7,2,2,2,0,0
Vallecano,Girona,1,2,A,1,1,D,22,19,9,7,15,13,8,3,1,2,0,0
Almeria,Sociedad,1,3,A,0,0,D,7,18,2,6,18,19,5,5,2,2,0,0
Granada,Getafe,1,1,D,1,1,D,12,10,6,6,14,9,3,5,4,2,0,0
Osasuna,Las Palmas,1,1,D,0,0,D,11,6,3,1,25,10,8,3,1,1,0,0
Real Madrid,Valencia,5,1,H,2,0,H,16,10,7,4,7,26,4,4,1,3,0,0
Barcelona,Alaves,2,1,H,0,1,A,11,8,6,1,11,10,2,1,2,1,0,0
Sevilla,Betis,1,1,D,0,0,D,13,14,4,6,18,14,9,5,1,1,0,0
Ath Madrid,Villarreal,3,1,H,1,1,D,25,11,10,7,8,8,6,3,0,2,0,0
Alaves,Granada,3,1,H,2,0,H,8,11,5,4,10,13,6,2,1,3,0,0
Vallecano,Barcelona,1,1,D,1,0,H,10,15,4,4,23,13,1,4,3,4,0,0
Valencia,Celta,0,0,D,0,0,D,8,13,0,1,13,7,5,7,3,2,0,0
Getafe,Almeria,2,1,H,2,1,H,18,13,5,4,12,8,3,6,2,4,0,0
Ath Madrid,Mallorca,1,0,H,0,0,D,20,8,3,1,8,19,7,3,0,0,0,0
Villarreal,Osasuna,3,1,H,0,0,D,10,15,3,7,9,14,2,4,0,0,0,0
Sociedad,Sevilla,2,1,H,2,0,H,11,8,8,2,22,8,4,4,2,1,0,2
Cadiz,Real Madrid,0,3,A,0,1,A,13,14,4,5,16,16,4,4,3,3,0,0
Betis,Las Palmas,1,0,H,1,0,H,12,15,6,4,7,12,7,6,1,2,0,0
Girona,Ath Bilbao,1,1,D,0,0,D,12,13,2,6,8,16,2,6,1,1,0,0
Mallorca,Cadiz,1,1,D,1,1,D,16,6,3,3,14,18,7,0,2,3,0,0
Las Palmas,Getafe,2,0,H,1,0,H,11,12,6,4,11,9,4,4,0,5,0,1
Girona,Valencia,2,1,H,0,0,D,9,9,5,3,6,7,3,2,2,3,0,0
Ath Bilbao,Vallecano,4,0,H,1,0,H,9,11,4,3,15,11,7,2,1,2,0,0
Real Madrid,Granada,2,0,H,1,0,H,11,1,4,0,10,12,6,0,2,1,0,0
Osasuna,Sociedad,1,1,D,1,1,D,9,17,3,5,12,10,1,8,3,3,0,0
Mallorca,Alaves,0,0,D,0,0,D,7,7,3,4,16,15,5,4,4,2,0,0
Almeria,Betis,0,0,D,0,0,D,20,6,8,2,12,8,4,6,0,3,0,1
Sevilla,Villarreal,1,1,D,0,0,D,18,5,4,4,6,16,8,4,3,2,0,0
Barcelona,Ath Madrid,1,0,H,1,0,H,13,9,2,4,17,12,7,2,5,4,0,0
Celta,Cadiz,1,1,D,0,1,A,26,2,7,1,14,18,12,1,1,6,0,1
Getafe,Valencia,1,0,H,0,0,D,8,3,6,0,15,14,7,0,2,4,1,2
Alaves,Las Palmas,0,1,A,0,1,A,19,9,5,2,13,13,12,3,3,4,0,0
Betis,Real Madrid,1,1,D,0,0,D,14,12,6,2,14,7,8,6,2,1,0,0
Villarreal,Sociedad,0,3,A,0,3,A,20,16,4,5,10,22,5,3,2,1,0,0
Mallorca,Sevilla,1,0,H,1,0,H,6,19,3,5,15,6,4,12,2,2,0,0
Ath Madrid,Almeria,2,1,H,2,0,H,13,19,4,5,13,11,3,15,1,0,0,0
Cadiz,Osasuna,1,1,D,1,0,H,12,13,5,5,15,16,2,4,1,2,0,0
Barcelona,Girona,2,4,A,1,2,A,31,15,11,7,7,10,8,3,1,2,0,0
Granada,Ath Bilbao,1,1,D,0,1,A,7,19,4,4,9,11,1,8,0,2,0,0
Vallecano,Celta,0,0,D,0,0,D,17,4,4,2,15,10,8,1,3,0,0,0
Osasuna,Vallecano,1,0,H,0,0,D,10,9,4,3,20,13,9,1,2,3,0,0
Celta,Granada,1,0,H,1,0,H,11,7,4,2,20,18,7,1,6,2,1,0
Ath Bilbao,Ath Madrid,2,0,H,0,0,D,16,7,7,3,7,10,3,7,0,1,0,0
Sevilla,Getafe,0,3,A,0,2,A,12,14,4,7,18,18,4,2,3,3,0,0
Valencia,Barcelona,1,1,D,0,0,D,11,16,4,8,9,11,4,6,1,2,0,0
Almeria,Mallorca,0,0,D,0,0,D,7,20,1,2,12,9,4,4,2,1,0,0
Sociedad,Betis,0,0,D,0,0,D,12,12,4,3,12,12,3,7,3,4,0,0
Las Palmas,Cadiz,1,1,D,1,0,H,7,13,2,5,9,12,4,6,1,3,0,0
Real Madrid,Villarreal,4,1,H,2,0,H,22,3,9,1,14,12,11,0,2,3,0,0
Girona,Alaves,3,0,H,2,0,H,9,12,4,2,9,7,3,2,0,1,0,0
Vallecano,Valencia,0,1,A,0,0,D,7,8,1,3,16,18,8,1,1,5,0,1
Ath Madrid,Getafe,3,3,D,1,0,H,8,29,4,9,7,14,1,12,3,3,1,0
Granada,Sevilla,0,3,A,0,2,A,12,12,3,5,10,18,6,4,2,1,0,0
Barcelona,Almeria,3,2,H,1,1,D,30,10,11,5,16,9,12,0,3,3,0,0
Ath Bilbao,Las Palmas,1,0,H,0,0,D,19,5,10,1,12,11,5,2,1,3,0,0
Villarreal,Celta,3,2,H,2,0,H,12,15,8,5,16,15,4,7,2,4,0,0
Betis,Girona,1,1,D,0,1,A,21,12,4,4,6,9,7,6,2,2,0,0
Cadiz,Sociedad,0,0,D,0,0,D,10,8,2,1,16,15,7,5,3,1,0,0
Alaves,Real Madrid,0,1,A,0,0,D,8,9,2,4,18,13,3,3,3,1,0,1
Mallorca,Osasuna,3,2,H,1,1,D,15,12,8,7,11,12,6,0,3,1,0,0
Ath Madrid,Sevilla,1,0,H,0,0,D,12,8,4,2,12,19,6,5,7,3,1,0
Getafe,Vallecano,0,2,A,0,1,A,5,12,0,8,16,16,2,3,6,3,2,0
Sociedad,Alaves,1,1,D,0,0,D,16,7,6,2,9,17,6,4,4,4,1,0
Valencia,Villarreal,3,1,H,2,0,H,11,8,8,4,12,15,4,3,2,5,0,0
Granada,Cadiz,2,0,H,1,0,H,15,15,8,2,17,16,5,6,3,4,0,1
Celta,Betis,2,1,H,1,1,D,19,14,6,3,10,12,8,7,0,2,0,0
Real Madrid,Mallorca,1,0,H,0,0,D,17,7,5,0,5,15,5,4,2,3,0,0
Girona,Ath Madrid,4,3,H,3,2,H,17,18,9,12,8,10,7,8,0,1,0,0
Osasuna,Almeria,1,0,H,1,0,H,14,4,2,0,14,5,5,4,1,2,0,0
Sevilla,Ath Bilbao,0,2,A,0,1,A,11,15,2,6,9,19,5,4,3,1,0,0
Las Palmas,Barcelona,1,2,A,1,0,H,12,15,3,5,14,5,5,10,5,2,1,0
Sevilla,Alaves,2,3,A,0,2,A,19,16,4,8,12,13,5,4,4,3,0,0
Las Palmas,Villarreal,3,0,H,1,0,H,8,17,3,3,13,11,4,6,4,3,0,0
Mallorca,Celta,1,1,D,1,1,D,17,6,6,2,18,18,10,1,4,1,0,0
Ath Bilbao,Sociedad,2,1,H,2,0,H,10,9,3,1,16,21,5,5,1,4,0,0
Betis,Granada,1,0,H,0,0,D,25,6,6,2,11,17,13,1,3,4,0,0
Almeria,Girona,0,0,D,0,0,D,20,5,3,1,13,8,4,3,4,4,0,1
Cadiz,Valencia,1,4,A,1,1,D,10,9,2,5,15,15,3,1,4,2,0,0
Alaves,Cadiz,1,0,H,0,0,D,13,9,3,1,15,18,4,4,0,4,0,0
Vallecano,Las Palmas,0,2,A,0,1,A,16,10,3,5,19,8,12,0,3,1,1,0
Villarreal,Mallorca,1,1,D,1,0,H,18,8,5,2,13,11,4,6,2,2,1,0
Valencia,Ath Bilbao,1,0,H,0,0,D,6,6,1,3,11,14,4,2,0,3,0,0
Celta,Sociedad,0,1,A,0,1,A,6,6,2,2,12,18,6,3,1,2,0,0
Osasuna,Getafe,3,2,H,2,0,H,13,10,7,7,14,16,1,4,4,4,0,0
Real Madrid,Almeria,3,2,H,0,2,A,18,10,6,2,9,17,6,3,3,5,0,0
Betis,Barcelona,2,4,A,0,1,A,14,11,5,4,12,9,3,4,1,2,0,0
Girona,Sevilla,5,1,H,3,1,H,12,9,8,3,9,11,4,5,0,2,0,0
Granada,Ath Madrid,0,1,A,0,0,D,17,10,2,5,11,16,6,2,2,2,1,0
Almeria,Alaves,0,3,A,0,1,A,19,11,7,3,17,12,11,3,1,2,0,0
Sociedad,Vallecano,0,0,D,0,0,D,6,5,3,0,16,14,2,2,2,4,0,0
Las Palmas,Real Madrid,1,2,A,0,0,D,7,13,2,5,17,14,1,6,3,3,0,0
Barcelona,Villarreal,3,5,A,0,1,A,22,9,10,6,8,13,10,0,3,4,0,0
Mallorca,Betis,0,1,A,0,1,A,14,8,1,2,14,6,5,4,2,1,0,0
Celta,Girona,0,1,A,0,1,A,10,15,5,6,13,11,5,7,1,1,0,0
Cadiz,Ath Bilbao,0,0,D,0,0,D,9,8,2,0,13,14,6,8,4,2,0,0
Sevilla,Osasuna,1,1,D,1,0,H,10,11,5,4,19,13,2,4,3,0,1,0
Ath Madrid,Valencia,2,0,H,1,0,H,12,10,8,3,9,9,3,6,2,0,0,0
Getafe,Granada,2,0,H,2,0,H,7,16,4,3,17,11,4,3,2,1,0,0
Barcelona,Osasuna,1,0,H,0,0,D,16,9,4,1,9,12,6,6,1,2,0,1
Ath Madrid,Vallecano,2,1,H,1,1,D,8,10,3,2,11,13,5,6,0,3,0,0
Getafe,Real Madrid,0,2,A,0,1,A,10,16,2,9,16,5,2,6,1,2,0,0
Ath Bilbao,Mallorca,4,0,H,2,0,H,13,6,6,2,17,15,6,2,0,1,0,0
Valencia,Almeria,2,1,H,2,0,H,7,15,2,5,17,16,0,6,4,5,0,0
Granada,Las Palmas,1,1,D,1,0,H,3,16,1,6,6,16,2,9,4,3,1,1
Alaves,Barcelona,1,3,A,0,1,A,13,8,2,5,15,10,14,5,2,2,0,1
Girona,Sociedad,0,0,D,0,0,D,11,11,3,2,8,19,3,4,2,3,0,0
Villarreal,Cadiz,0,0,D,0,0,D,19,8,4,2,14,14,13,2,3,1,0,0
Osasuna,Celta,0,3,A,0,2,A,18,6,1,5,10,10,9,1,2,0,0,0
Betis,Getafe,1,1,D,1,1,D,9,11,3,2,9,19,3,5,7,4,0,0
Real Madrid,Ath Madrid,1,1,D,1,0,H,17,10,4,5,6,15,2,8,0,5,0,0
Vallecano,Sevilla,1,2,A,1,2,A,22,10,5,6,8,10,6,0,2,2,0,0
Cadiz,Betis,0,2,A,0,1,A,14,13,5,5,12,10,5,3,1,1,0,0
Alaves,Villarreal,1,1,D,1,1,D,17,12,4,4,7,11,10,9,0,2,0,0
Sociedad,Osasuna,0,1,A,0,0,D,21,9,3,2,11,11,7,4,0,0,0,0
Real Madrid,Girona,4,0,H,2,0,H,16,5,6,0,9,12,0,2,1,2,0,0
Las Palmas,Valencia,2,0,H,0,0,D,8,7,3,1,9,9,5,0,2,0,0,0
Getafe,Celta,3,2,H,2,0,H,11,9,4,4,16,13,0,4,1,2,0,0
Mallorca,Vallecano,2,1,H,0,0,D,8,11,5,4,17,11,5,1,4,0,0,0
Sevilla,Ath Madrid,1,0,H,1,0,H,10,16,6,5,8,5,2,7,2,1,0,0
Barcelona,Granada,3,3,D,1,1,D,11,11,6,5,13,9,6,2,1,2,0,0
Almeria,Ath Bilbao,0,0,D,0,0,D,10,12,4,4,17,15,4,10,4,1,1,0
Villarreal,Getafe,1,1,D,0,1,A,20,11,7,2,13,13,8,3,0,1,0,0
Ath Madrid,Las Palmas,5,0,H,2,0,H,13,11,7,2,19,9,3,5,2,2,0,0
Osasuna,Cadiz,2,0,H,0,0,D,11,5,4,1,20,12,5,4,4,2,0,0
Celta,Barcelona,1,2,A,0,1,A,13,14,4,4,11,13,2,5,2,4,0,0
Valencia,Sevilla,0,0,D,0,0,D,14,1,4,1,5,8,7,2,0,1,0,0
Vallecano,Real Madrid,1,1,D,1,1,D,8,11,3,4,17,7,4,10,4,3,0,1
Granada,Almeria,1,1,D,0,1,A,19,13,7,3,13,22,10,4,2,3,0,0
Mallorca,Sociedad,1,2,A,1,1,D,4,19,1,5,12,18,3,9,7,5,1,0
Betis,Alaves,0,0,D,0,0,D,13,13,2,4,13,9,6,8,5,2,0,0
Ath Bilbao,Girona,3,2,H,1,0,H,14,12,7,6,16,13,3,4,1,2,0,0
Sociedad,Villarreal,1,3,A,0,1,A,21,6,8,4,15,14,13,2,3,4,0,0
Barcelona,Getafe,4,0,H,1,0,H,17,10,9,4,12,18,5,8,1,4,0,0
Alaves,Mallorca,1,1,D,0,0,D,9,15,1,8,7,15,3,3,0,2,0,0
Almeria,Ath Madrid,2,2,D,1,1,D,9,18,4,9,13,12,2,7,1,1,0,0
Cadiz,Celta,2,2,D,0,1,A,19,7,6,3,13,20,9,1,2,3,0,0
Betis,Ath Bilbao,3,1,H,2,1,H,13,3,5,1,14,12,5,3,1,6,0,1
Las Palmas,Osasuna,1,1,D,0,0,D,9,6,3,2,6,15,6,7,2,1,0,0
Real Madrid,Sevilla,1,0,H,0,0,D,16,4,6,1,10,13,7,2,1,3,0,0
Girona,Vallecano,3,0,H,0,0,D,14,7,8,1,13,16,2,2,3,5,0,1
Celta,Almeria,1,0,H,0,0,D,15,3,6,0,8,14,7,0,1,2,0,1
Sevilla,Sociedad,3,2,H,2,1,H,12,13,5,4,12,15,2,5,1,2,0,0
Vallecano,Cadiz,1,1,D,0,0,D,9,16,5,5,14,17,4,9,1,1,0,0
Getafe,Las Palmas,3,3,D,3,1,H,16,14,5,5,28,9,4,4,4,1,0,0
Valencia,Real Madrid,2,2,D,2,1,H,12,10,5,5,18,11,2,2,2,3,0,1
Villarreal,Granada,5,1,H,3,0,H,16,9,10,3,12,15,6,4,1,2,0,0
Ath Madrid,Betis,2,1,H,2,0,H,17,12,12,6,9,12,4,6,1,2,0,0
Mallorca,Girona,1,0,H,1,0,H,16,15,2,4,19,9,8,5,5,0,0,0
Ath Bilbao,Barcelona,0,0,D,0,0,D,8,8,2,2,14,11,4,4,3,3,0,0
Osasuna,Alaves,1,0,H,0,0,D,15,10,4,4,15,11,5,5,2,1,0,0
Barcelona,Mallorca,1,0,H,0,0,D,20,9,6,3,9,14,4,1,1,1,0,0
Valencia,Getafe,1,0,H,1,0,H,10,15,3,5,10,19,5,5,2,3,0,0
Cadiz,Ath Madrid,2,0,H,1,0,H,7,8,3,4,20,15,3,1,4,5,0,0
Granada,Sociedad,2,3,A,2,1,H,13,11,6,8,17,11,4,6,1,2,0,0
Girona,Osasuna,2,0,H,1,0,H,11,7,6,1,10,16,5,7,3,3,0,0
Alaves,Vallecano,1,0,H,1,0,H,12,9,4,3,13,10,7,5,2,2,0,0
Las Palmas,Ath Bilbao,0,2,A,0,1,A,14,7,2,2,8,14,10,3,3,3,0,0
Real Madrid,Celta,4,0,H,1,0,H,24,11,13,1,8,13,12,1,2,3,0,0
Betis,Villarreal,2,3,A,2,1,H,13,6,4,4,12,17,11,4,3,4,1,1
Almeria,Sevilla,2,2,D,1,0,H,14,19,4,6,6,11,1,8,2,2,0,0
Sociedad,Cadiz,2,0,H,1,0,H,14,13,6,2,15,6,8,2,3,1,0,0
Mallorca,Granada,1,0,H,0,0,D,18,8,8,3,17,9,10,2,2,0,0,0
Osasuna,Real Madrid,2,4,A,1,2,A,9,17,4,9,18,9,5,7,3,2,0,0
Getafe,Girona,1,0,H,1,0,H,11,13,3,3,16,13,2,5,4,4,0,0
Ath Bilbao,Alaves,2,0,H,2,0,H,16,7,4,3,7,13,5,4,1,3,0,0
Sevilla,Celta,1,2,A,1,0,H,11,18,4,5,13,6,3,8,4,0,0,0
Las Palmas,Almeria,0,1,A,0,1,A,21,3,6,2,8,17,11,3,2,2,0,0
Villarreal,Valencia,1,0,H,0,0,D,13,14,7,7,12,12,6,2,5,1,0,0
Vallecano,Betis,2,0,H,1,0,H,8,11,4,1,22,16,4,8,4,4,0,0
Ath Madrid,Barcelona,0,3,A,0,1,A,12,9,3,5,15,9,7,3,3,1,1,0
Cadiz,Granada,1,0,H,0,0,D,13,10,5,2,17,14,5,2,2,4,0,0
Getafe,Sevilla,0,1,A,0,1,A,18,10,5,3,11,15,7,3,4,5,0,0
Almeria,Osasuna,0,3,A,0,2,A,12,6,5,4,12,14,6,1,3,2,0,0
Valencia,Mallorca,0,0,D,0,0,D,14,11,5,3,8,11,3,3,0,2,0,0
Barcelona,Las Palmas,1,0,H,0,0,D,14,8,2,0,11,9,6,1,5,1,0,1
Celta,Vallecano,0,0,D,0,0,D,13,8,0,2,12,16,3,2,3,3,0,0
Girona,Betis,3,2,H,1,1,D,9,7,5,4,13,14,5,4,3,4,0,0
Alaves,Sociedad,0,1,A,0,0,D,3,12,0,3,10,15,3,8,2,2,0,0
Real Madrid,Ath Bilbao,2,0,H,1,0,H,9,7,4,3,9,13,4,7,2,1,0,0
Villarreal,Ath Madrid,1,2,A,0,1,A,11,14,2,8,14,22,3,3,3,3,0,0
Granada,Valencia,0,1,A,0,0,D,13,6,3,2,20,15,5,4,3,1,0,0
Betis,Celta,2,1,H,0,0,D,15,12,3,5,7,10,6,5,1,0,0,0
Ath Madrid,Girona,3,1,H,2,1,H,17,12,4,5,18,12,2,0,3,2,0,0
Vallecano,Getafe,0,0,D,0,0,D,11,7,2,0,17,19,3,0,4,6,0,0
Mallorca,Real Madrid,0,1,A,0,0,D,6,16,2,9,18,7,4,2,2,1,0,0
Cadiz,Barcelona,0,1,A,0,1,A,14,12,3,2,17,15,8,4,3,3,0,0
Las Palmas,Sevilla,0,2,A,0,1,A,5,10,2,3,8,13,6,2,3,3,1,0
Granada,Alaves,2,0,H,2,0,H,9,8,3,3,16,11,1,5,3,2,0,0
Ath Bilbao,Villarreal,1,1,D,0,0,D,13,10,6,2,13,12,3,1,3,3,0,1
Sociedad,Almeria,2,2,D,1,1,D,17,7,4,3,16,8,5,1,2,2,1,0
Osasuna,Valencia,0,1,A,0,1,A,13,4,2,3,10,10,4,1,0,2,0,0
Ath Bilbao,Granada,1,1,D,1,1,D,17,5,6,0,11,15,11,4,4,2,0,0
Celta,Las Palmas,4,1,H,2,1,H,21,9,13,4,10,9,8,4,1,0,0,0
Vallecano,Osasuna,2,1,H,0,1,A,17,6,6,2,9,15,5,1,4,1,0,0
Valencia,Betis,1,2,A,0,1,A,8,12,5,6,18,10,7,6,2,3,0,0
Girona,Cadiz,4,1,H,2,0,H,10,12,5,5,11,14,2,4,1,2,0,0
Getafe,Sociedad,1,1,D,1,1,D,6,7,4,3,12,18,0,4,0,2,0,0
Almeria,Villarreal,1,2,A,1,1,D,24,11,5,3,10,16,5,2,3,4,1,0
Alaves,Ath Madrid,2,0,H,1,0,H,8,15,3,4,20,12,1,11,5,3,0,0
Real Madrid,Barcelona,3,2,H,1,1,D,14,14,8,6,11,12,2,8,3,2,0,0
Sevilla,Mallorca,2,1,H,0,0,D,11,8,4,6,10,8,4,4,0,2,0,0
Sociedad,Real Madrid,0,1,A,0,1,A,9,5,3,3,13,11,11,3,3,4,0,0
Las Palmas,Girona,0,2,A,0,1,A,10,6,5,3,12,10,4,2,1,3,0,0
Almeria,Getafe,1,3,A,1,1,D,21,8,11,5,15,31,9,2,5,4,1,0
Alaves,Celta,3,0,H,0,0,D,16,4,8,0,10,9,8,3,3,3,0,0
Ath Madrid,Ath Bilbao,3,1,H,1,1,D,8,7,3,1,16,15,3,5,3,2,0,0
Cadiz,Mallorca,1,1,D,0,1,A,10,9,2,2,14,21,3,1,3,2,0,0
Granada,Osasuna,3,0,H,1,0,H,12,11,4,2,17,5,0,6,4,0,0,0
Villarreal,Vallecano,3,0,H,1,0,H,15,20,7,4,15,8,3,6,2,1,0,0
Betis,Sevilla,1,1,D,1,0,H,15,10,5,1,9,20,4,6,3,5,0,0
Barcelona,Valencia,4,2,H,1,2,A,27,5,13,3,12,5,15,1,1,0,0,1
